timeStamp,elapsed,label,responseCode,responseMessage,threadName,dataType,success,failureMessage,bytes,sentBytes,grpThreads,allThreads,URL,Latency,IdleTime,Connect
1789536724780,848,Swiggy - Request 1,200,OK,Swiggy 3-1,text,true,,90686,242,2,10,https://www.swiggy.com:443/home,563,0,488
1789536724780,563,Swiggy - Request 1-0,301,Moved Permanently,Swiggy 3-1,text,true,,338,117,2,10,https://swiggy.com/home,563,0,488
1789536725344,284,Swiggy - Request 1-1,200,OK,Swiggy 3-1,text,true,,90348,125,2,10,https://www.swiggy.com:443/home,228,0,88
1789536725201,577,Swiggy - Request 1,200,OK,Swiggy 3-2,text,true,,90686,242,3,15,https://www.swiggy.com:443/home,269,0,204
1789536725201,269,Swiggy - Request 1-0,301,Moved Permanently,Swiggy 3-2,text,true,,338,117,3,15,https://swiggy.com/home,269,0,204
1789536725471,307,Swiggy - Request 1-1,200,OK,Swiggy 3-2,text,true,,90348,125,3,15,https://www.swiggy.com:443/home,210,0,33
1789536724780,1121,Walmart - Request 1,200,OK,Walmart 4-1,text,true,,17998,429,3,15,https://www.walmart.com/blocked?url=L2hvbWU=&uuid=f3f379d6-b18f-11f1-8c6b-16b343e3b5e1&vid=&g=b,388,0,291
1789536724780,388,Walmart - Request 1-0,301,Moved Permanently,Walmart 4-1,,true,,688,118,3,15,https://walmart.com/home,388,0,291
1789536725169,673,Walmart - Request 1-1,307,Temporary Redirect,Walmart 4-1,text,true,,1357,122,3,15,https://www.walmart.com/home,673,0,267
1789536725842,59,Walmart - Request 1-2,200,OK,Walmart 4-1,text,true,,15953,189,3,15,https://www.walmart.com/blocked?url=L2hvbWU=&uuid=f3f379d6-b18f-11f1-8c6b-16b343e3b5e1&vid=&g=b,59,0,0
1789536725630,353,Swiggy - Request 2,200,OK,Swiggy 3-1,text,true,,85818,246,3,15,https://www.swiggy.com:443/search,55,0,0
1789536725630,55,Swiggy - Request 2-0,301,Moved Permanently,Swiggy 3-1,text,true,,340,119,3,15,https://swiggy.com/search,55,0,0
1789536725685,298,Swiggy - Request 2-1,200,OK,Swiggy 3-1,text,true,,85478,127,3,15,https://www.swiggy.com:443/search,227,0,0
1789536725778,286,Swiggy - Request 2,200,OK,Swiggy 3-2,text,true,,85779,246,3,15,https://www.swiggy.com:443/search,61,0,0
1789536725778,61,Swiggy - Request 2-0,301,Moved Permanently,Swiggy 3-2,text,true,,340,119,3,15,https://swiggy.com/search,61,0,0
1789536725839,225,Swiggy - Request 2-1,200,OK,Swiggy 3-2,text,true,,85439,127,3,15,https://www.swiggy.com:443/search,138,0,0
1789536725200,1142,Walmart - Request 1,200,OK,Walmart 4-2,text,true,,17987,429,4,20,https://www.walmart.com/blocked?url=L2hvbWU=&uuid=f43033c5-b18f-11f1-aa9d-c59289bbe27d&vid=&g=b,466,0,421
1789536725200,466,Walmart - Request 1-0,301,Moved Permanently,Walmart 4-2,,true,,688,118,4,20,https://walmart.com/home,466,0,421
1789536725666,554,Walmart - Request 1-1,307,Temporary Redirect,Walmart 4-2,text,true,,1358,122,4,20,https://www.walmart.com/home,554,0,165
1789536726221,121,Walmart - Request 1-2,200,OK,Walmart 4-2,text,true,,15941,189,4,20,https://www.walmart.com/blocked?url=L2hvbWU=&uuid=f43033c5-b18f-11f1-aa9d-c59289bbe27d&vid=&g=b,121,0,0
1789536725705,661,Swiggy - Request 1,200,OK,Swiggy 3-3,text,true,,90701,242,4,20,https://www.swiggy.com:443/home,385,0,282
1789536725705,385,Swiggy - Request 1-0,301,Moved Permanently,Swiggy 3-3,text,true,,338,117,4,20,https://swiggy.com/home,385,0,282
1789536726091,275,Swiggy - Request 1-1,200,OK,Swiggy 3-3,text,true,,90363,125,4,20,https://www.swiggy.com:443/home,246,0,38
1789536725984,385,Swiggy - Request 3,404,Not Found,Swiggy 3-1,text,false,,4646,254,4,20,https://www.swiggy.com:443/restaurant,106,0,0
1789536726064,305,Swiggy - Request 3,404,Not Found,Swiggy 3-2,text,false,,4646,254,4,20,https://www.swiggy.com:443/restaurant,83,0,0
1789536725984,106,Swiggy - Request 3-0,301,Moved Permanently,Swiggy 3-1,text,true,,344,123,4,20,https://swiggy.com/restaurant,106,0,0
1789536726064,83,Swiggy - Request 3-0,301,Moved Permanently,Swiggy 3-2,text,true,,344,123,4,20,https://swiggy.com/restaurant,83,0,0
1789536726090,279,Swiggy - Request 3-1,404,Not Found,Swiggy 3-1,text,false,,4302,131,4,20,https://www.swiggy.com:443/restaurant,279,0,0
1789536726147,222,Swiggy - Request 3-1,404,Not Found,Swiggy 3-2,text,false,,4302,131,4,20,https://www.swiggy.com:443/restaurant,222,0,0
1789536725901,512,Walmart - Request 2,200,OK,Walmart 4-1,text,true,,18180,437,4,20,https://www.walmart.com/blocked?url=L3NlYXJjaA==&uuid=f443931f-b18f-11f1-b1e1-48c26832a24d&vid=&g=b,44,0,0
1789536725901,44,Walmart - Request 2-0,301,Moved Permanently,Walmart 4-1,,true,,801,120,4,20,https://walmart.com/search,44,0,0
1789536725946,396,Walmart - Request 2-1,307,Temporary Redirect,Walmart 4-1,text,true,,1438,124,4,20,https://www.walmart.com/search,396,0,0
1789536726342,71,Walmart - Request 2-2,200,OK,Walmart 4-1,text,true,,15941,193,4,20,https://www.walmart.com/blocked?url=L3NlYXJjaA==&uuid=f443931f-b18f-11f1-b1e1-48c26832a24d&vid=&g=b,71,0,0
1789536726367,280,Swiggy - Request 2,200,OK,Swiggy 3-3,text,true,,85804,246,4,20,https://www.swiggy.com:443/search,56,0,0
1789536726367,56,Swiggy - Request 2-0,301,Moved Permanently,Swiggy 3-3,text,true,,340,119,4,20,https://swiggy.com/search,56,0,0
1789536726423,224,Swiggy - Request 2-1,200,OK,Swiggy 3-3,text,true,,85464,127,4,20,https://www.swiggy.com:443/search,138,0,0
1789536726369,390,Swiggy - Request 4,200,OK,Swiggy 3-1,text,true,,88996,371,5,25,https://www.swiggy.com:443/checkout,54,0,0
1789536726369,54,Swiggy - Request 4-0,301,Moved Permanently,Swiggy 3-1,text,true,,338,117,5,25,https://swiggy.com/cart,54,0,0
1789536726423,127,Swiggy - Request 4-1,302,Found,Swiggy 3-1,text,true,,777,125,5,25,https://www.swiggy.com:443/cart,127,0,0
1789536726550,209,Swiggy - Request 4-2,200,OK,Swiggy 3-1,text,true,,87881,129,5,25,https://www.swiggy.com:443/checkout,171,0,0
1789536726369,411,Swiggy - Request 4,200,OK,Swiggy 3-2,text,true,,89016,371,5,25,https://www.swiggy.com:443/checkout,54,0,0
1789536726369,54,Swiggy - Request 4-0,301,Moved Permanently,Swiggy 3-2,text,true,,338,117,5,25,https://swiggy.com/cart,54,0,0
1789536726423,129,Swiggy - Request 4-1,302,Found,Swiggy 3-2,text,true,,777,125,5,25,https://www.swiggy.com:443/cart,129,0,0
1789536726552,228,Swiggy - Request 4-2,200,OK,Swiggy 3-2,text,true,,87901,129,5,25,https://www.swiggy.com:443/checkout,134,0,0
1789536726202,628,Swiggy - Request 1,200,OK,Swiggy 3-4,text,true,,90685,242,5,25,https://www.swiggy.com:443/home,393,0,336
1789536726202,393,Swiggy - Request 1-0,301,Moved Permanently,Swiggy 3-4,text,true,,338,117,5,25,https://swiggy.com/home,393,0,336
1789536726596,234,Swiggy - Request 1-1,200,OK,Swiggy 3-4,text,true,,90347,125,5,25,https://www.swiggy.com:443/home,201,0,72
1789536726648,184,Swiggy - Request 3,404,Not Found,Swiggy 3-3,text,false,,4646,254,5,25,https://www.swiggy.com:443/restaurant,118,0,0
1789536726648,118,Swiggy - Request 3-0,301,Moved Permanently,Swiggy 3-3,text,true,,344,123,5,25,https://swiggy.com/restaurant,118,0,0
1789536726766,66,Swiggy - Request 3-1,404,Not Found,Swiggy 3-3,text,false,,4302,131,5,25,https://www.swiggy.com:443/restaurant,66,0,0
1789536726202,706,Walmart - Request 1,200,OK,Walmart 4-4,text,true,,18053,429,5,25,https://www.walmart.com/blocked?url=L2hvbWU=&uuid=f48a61fe-b18f-11f1-919a-0fe1a612dde8&vid=&g=b,137,0,49
1789536726202,137,Walmart - Request 1-0,301,Moved Permanently,Walmart 4-4,,true,,687,118,5,25,https://walmart.com/home,137,0,49
1789536726340,441,Walmart - Request 1-1,307,Temporary Redirect,Walmart 4-4,text,true,,1425,122,5,25,https://www.walmart.com/home,441,0,109
1789536726781,127,Walmart - Request 1-2,200,OK,Walmart 4-4,text,true,,15941,189,5,25,https://www.walmart.com/blocked?url=L2hvbWU=&uuid=f48a61fe-b18f-11f1-919a-0fe1a612dde8&vid=&g=b,126,0,0
1789536726780,179,Swiggy - Request 5,404,Not Found,Swiggy 3-2,text,false,,4642,246,5,25,https://www.swiggy.com:443/orders,103,0,0
1789536726780,103,Swiggy - Request 5-0,301,Moved Permanently,Swiggy 3-2,text,true,,340,119,5,25,https://swiggy.com/orders,103,0,0
1789536726883,76,Swiggy - Request 5-1,404,Not Found,Swiggy 3-2,text,false,,4302,127,5,25,https://www.swiggy.com:443/orders,76,0,0
1789536726413,559,Walmart - Request 3,200,OK,Walmart 4-1,text,true,,17991,439,5,25,https://www.walmart.com/blocked?url=L3Byb2R1Y3Q=&uuid=f48d7fdf-b18f-11f1-8cc2-3d64c656a160&vid=&g=b,33,0,0
1789536726413,33,Walmart - Request 3-0,301,Moved Permanently,Walmart 4-1,,true,,690,121,5,25,https://walmart.com/product,33,0,0
1789536726446,437,Walmart - Request 3-1,307,Temporary Redirect,Walmart 4-1,text,true,,1359,125,5,25,https://www.walmart.com/product,437,0,0
1789536726883,89,Walmart - Request 3-2,200,OK,Walmart 4-1,text,true,,15942,193,5,25,https://www.walmart.com/blocked?url=L3Byb2R1Y3Q=&uuid=f48d7fdf-b18f-11f1-8cc2-3d64c656a160&vid=&g=b,89,0,0
1789536726759,254,Swiggy - Request 5,404,Not Found,Swiggy 3-1,text,false,,4650,246,5,25,https://www.swiggy.com:443/orders,61,0,0
1789536726759,61,Swiggy - Request 5-0,301,Moved Permanently,Swiggy 3-1,text,true,,340,119,5,25,https://swiggy.com/orders,61,0,0
1789536726820,193,Swiggy - Request 5-1,404,Not Found,Swiggy 3-1,text,false,,4310,127,5,25,https://www.swiggy.com:443/orders,193,0,0
1789536724780,2234,Ikea - Request 1,404,Not Found,Ikea 5-1,text,false,,465599,354,5,25,https://www.ikea.com/home/,388,0,291
1789536724780,389,Ikea - Request 1-0,301,Moved Permanently,Ikea 5-1,text,true,,428,115,5,25,https://ikea.com/home,388,0,291
1789536725169,136,Ikea - Request 1-1,301,Moved Permanently,Ikea 5-1,,true,,698,119,5,25,https://www.ikea.com/home,136,0,75
1789536725305,1709,Ikea - Request 1-2,404,Not Found,Ikea 5-1,text,false,,464473,120,5,25,https://www.ikea.com/home/,845,0,0
1789536725200,1864,Ikea - Request 1,404,Not Found,Ikea 5-2,text,false,,465599,354,5,25,https://www.ikea.com/home/,173,0,32
1789536725200,174,Ikea - Request 1-0,301,Moved Permanently,Ikea 5-2,text,true,,428,115,5,25,https://ikea.com/home,173,0,32
1789536725374,59,Ikea - Request 1-1,301,Moved Permanently,Ikea 5-2,,true,,698,119,5,25,https://www.ikea.com/home,59,0,37
1789536725434,1630,Ikea - Request 1-2,404,Not Found,Ikea 5-2,text,false,,464473,120,5,25,https://www.ikea.com/home/,714,0,0
1789536726830,270,Swiggy - Request 2,200,OK,Swiggy 3-4,text,true,,85802,246,5,25,https://www.swiggy.com:443/search,85,0,0
1789536726830,85,Swiggy - Request 2-0,301,Moved Permanently,Swiggy 3-4,text,true,,340,119,5,25,https://swiggy.com/search,85,0,0
1789536726915,185,Swiggy - Request 2-1,200,OK,Swiggy 3-4,text,true,,85462,127,5,25,https://www.swiggy.com:443/search,135,0,0
1789536726703,590,Swiggy - Request 1,200,OK,Swiggy 3-5,text,true,,90716,242,6,30,https://www.swiggy.com:443/home,311,0,255
1789536726703,311,Swiggy - Request 1-0,301,Moved Permanently,Swiggy 3-5,text,true,,338,117,6,30,https://swiggy.com/home,311,0,255
1789536727014,279,Swiggy - Request 1-1,200,OK,Swiggy 3-5,text,true,,90378,125,6,30,https://www.swiggy.com:443/home,221,0,72
1789536726832,463,Swiggy - Request 4,200,OK,Swiggy 3-3,text,true,,88988,371,6,30,https://www.swiggy.com:443/checkout,83,0,0
1789536726832,83,Swiggy - Request 4-0,301,Moved Permanently,Swiggy 3-3,text,true,,338,117,6,30,https://swiggy.com/cart,83,0,0
1789536726915,124,Swiggy - Request 4-1,302,Found,Swiggy 3-3,text,true,,777,125,6,30,https://www.swiggy.com:443/cart,124,0,0
1789536727040,255,Swiggy - Request 4-2,200,OK,Swiggy 3-3,text,true,,87873,129,6,30,https://www.swiggy.com:443/checkout,213,0,0
1789536727100,312,Swiggy - Request 3,404,Not Found,Swiggy 3-4,text,false,,4654,254,6,30,https://www.swiggy.com:443/restaurant,101,0,0
1789536727100,101,Swiggy - Request 3-0,301,Moved Permanently,Swiggy 3-4,text,true,,344,123,6,30,https://swiggy.com/restaurant,101,0,0
1789536727201,211,Swiggy - Request 3-1,404,Not Found,Swiggy 3-4,text,false,,4310,131,6,30,https://www.swiggy.com:443/restaurant,210,0,0
1789536727014,399,Swiggy - Request 1,200,OK,Swiggy 3-1,text,true,,90701,242,6,30,https://www.swiggy.com:443/home,97,0,0
1789536727014,97,Swiggy - Request 1-0,301,Moved Permanently,Swiggy 3-1,text,true,,338,117,6,30,https://swiggy.com/home,97,0,0
1789536727111,302,Swiggy - Request 1-1,200,OK,Swiggy 3-1,text,true,,90363,125,6,30,https://www.swiggy.com:443/home,206,0,0
1789536726342,1087,Walmart - Request 2,200,OK,Walmart 4-2,text,true,,18108,437,6,30,https://www.walmart.com/blocked?url=L3NlYXJjaA==&uuid=f4d7e2e3-b18f-11f1-ac38-c59289bbe27d&vid=&g=b,539,0,0
1789536726342,539,Walmart - Request 2-0,301,Moved Permanently,Walmart 4-2,,true,,799,120,6,30,https://walmart.com/search,539,0,0
1789536726881,449,Walmart - Request 2-1,307,Temporary Redirect,Walmart 4-2,text,true,,1369,124,6,30,https://www.walmart.com/search,449,0,0
1789536727331,98,Walmart - Request 2-2,200,OK,Walmart 4-2,text,true,,15940,193,6,30,https://www.walmart.com/blocked?url=L3NlYXJjaA==&uuid=f4d7e2e3-b18f-11f1-ac38-c59289bbe27d&vid=&g=b,98,0,0
1789536726908,521,Walmart - Request 2,200,OK,Walmart 4-4,text,true,,18115,437,6,30,https://www.walmart.com/blocked?url=L3NlYXJjaA==&uuid=f4db9c67-b18f-11f1-927f-0fe1a612dde8&vid=&g=b,37,0,0
1789536726908,37,Walmart - Request 2-0,301,Moved Permanently,Walmart 4-4,,true,,804,120,6,30,https://walmart.com/search,37,0,0
1789536726945,384,Walmart - Request 2-1,307,Temporary Redirect,Walmart 4-4,text,true,,1370,124,6,30,https://www.walmart.com/search,384,0,0
1789536727329,100,Walmart - Request 2-2,200,OK,Walmart 4-4,text,true,,15941,193,6,30,https://www.walmart.com/blocked?url=L3NlYXJjaA==&uuid=f4db9c67-b18f-11f1-927f-0fe1a612dde8&vid=&g=b,100,0,0
1789536726959,482,Swiggy - Request 1,200,OK,Swiggy 3-2,text,true,,90725,242,6,30,https://www.swiggy.com:443/home,107,0,0
1789536726959,107,Swiggy - Request 1-0,301,Moved Permanently,Swiggy 3-2,text,true,,338,117,6,30,https://swiggy.com/home,107,0,0
1789536727066,375,Swiggy - Request 1-1,200,OK,Swiggy 3-2,text,true,,90387,125,6,30,https://www.swiggy.com:443/home,345,0,0
1789536726973,492,Walmart - Request 4,200,OK,Walmart 4-1,text,true,,351766,350,6,30,https://www.walmart.com/,86,0,0
1789536726973,86,Walmart - Request 4-0,302,Moved Temporarily,Walmart 4-1,,true,,793,118,6,30,https://walmart.com/cart,86,0,0
1789536727059,32,Walmart - Request 4-1,301,Moved Permanently,Walmart 4-1,,true,,798,114,6,30,https://walmart.com/,32,0,0
1789536727091,374,Walmart - Request 4-2,200,OK,Walmart 4-1,text,true,,350175,118,6,30,https://www.walmart.com/,111,0,0
1789536727296,179,Swiggy - Request 5,404,Not Found,Swiggy 3-3,text,false,,4650,246,6,30,https://www.swiggy.com:443/orders,91,0,0
1789536727296,91,Swiggy - Request 5-0,301,Moved Permanently,Swiggy 3-3,text,true,,340,119,6,30,https://swiggy.com/orders,91,0,0
1789536727387,88,Swiggy - Request 5-1,404,Not Found,Swiggy 3-3,text,false,,4310,127,6,30,https://www.swiggy.com:443/orders,88,0,0
1789536726703,839,Walmart - Request 1,200,OK,Walmart 4-5,text,true,,17985,429,6,30,https://www.walmart.com/blocked?url=L2hvbWU=&uuid=f4e8efbc-b18f-11f1-936b-4dfa130842cb&vid=&g=b,187,0,145
1789536726703,187,Walmart - Request 1-0,301,Moved Permanently,Walmart 4-5,,true,,688,118,6,30,https://walmart.com/home,187,0,145
1789536726890,572,Walmart - Request 1-1,307,Temporary Redirect,Walmart 4-5,text,true,,1356,122,6,30,https://www.walmart.com/home,572,0,127
1789536727463,79,Walmart - Request 1-2,200,OK,Walmart 4-5,text,true,,15941,189,6,30,https://www.walmart.com/blocked?url=L2hvbWU=&uuid=f4e8efbc-b18f-11f1-936b-4dfa130842cb&vid=&g=b,79,0,0
1789536725705,1881,Ikea - Request 1,404,Not Found,Ikea 5-3,text,false,,465599,354,6,30,https://www.ikea.com/home/,122,0,101
1789536725705,123,Ikea - Request 1-0,301,Moved Permanently,Ikea 5-3,text,true,,428,115,6,30,https://ikea.com/home,122,0,101
1789536725828,38,Ikea - Request 1-1,301,Moved Permanently,Ikea 5-3,,true,,698,119,6,30,https://www.ikea.com/home,38,0,20
1789536725866,1720,Ikea - Request 1-2,404,Not Found,Ikea 5-3,text,false,,464473,120,6,30,https://www.ikea.com/home/,849,0,0
1789536727293,319,Swiggy - Request 2,200,OK,Swiggy 3-5,text,true,,85788,246,6,30,https://www.swiggy.com:443/search,94,0,0
1789536727293,94,Swiggy - Request 2-0,301,Moved Permanently,Swiggy 3-5,text,true,,340,119,6,30,https://swiggy.com/search,94,0,0
1789536727387,225,Swiggy - Request 2-1,200,OK,Swiggy 3-5,text,true,,85448,127,6,30,https://www.swiggy.com:443/search,159,0,0
1789536727441,265,Swiggy - Request 2,200,OK,Swiggy 3-2,text,true,,85773,246,7,35,https://www.swiggy.com:443/search,85,0,0
1789536727441,86,Swiggy - Request 2-0,301,Moved Permanently,Swiggy 3-2,text,true,,340,119,7,35,https://swiggy.com/search,85,0,0
1789536727527,179,Swiggy - Request 2-1,200,OK,Swiggy 3-2,text,true,,85433,127,7,35,https://www.swiggy.com:443/search,130,0,0
1789536727613,114,Swiggy - Request 3,404,Not Found,Swiggy 3-5,text,false,,4654,254,7,35,https://www.swiggy.com:443/restaurant,57,0,0
1789536727613,57,Swiggy - Request 3-0,301,Moved Permanently,Swiggy 3-5,text,true,,344,123,7,35,https://swiggy.com/restaurant,57,0,0
1789536727671,56,Swiggy - Request 3-1,404,Not Found,Swiggy 3-5,text,false,,4310,131,7,35,https://www.swiggy.com:443/restaurant,56,0,0
1789536725705,2027,Walmart - Request 1,200,OK,Walmart 4-3,text,true,,18057,429,7,35,https://www.walmart.com/blocked?url=L2hvbWU=&uuid=f4fff09c-b18f-11f1-ac59-91e6263d9938&vid=&g=b,1176,0,1095
1789536725705,1176,Walmart - Request 1-0,301,Moved Permanently,Walmart 4-3,,true,,688,118,7,35,https://walmart.com/home,1176,0,1095
1789536726882,779,Walmart - Request 1-1,307,Temporary Redirect,Walmart 4-3,text,true,,1428,122,7,35,https://www.walmart.com/home,779,0,135
1789536727661,71,Walmart - Request 1-2,200,OK,Walmart 4-3,text,true,,15941,189,7,35,https://www.walmart.com/blocked?url=L2hvbWU=&uuid=f4fff09c-b18f-11f1-ac59-91e6263d9938&vid=&g=b,71,0,0
1789536727476,373,Swiggy - Request 1,200,OK,Swiggy 3-3,text,true,,90718,242,7,35,https://www.swiggy.com:443/home,60,0,0
1789536727476,60,Swiggy - Request 1-0,301,Moved Permanently,Swiggy 3-3,text,true,,338,117,7,35,https://swiggy.com/home,60,0,0
1789536727536,313,Swiggy - Request 1-1,200,OK,Swiggy 3-3,text,true,,90380,125,7,35,https://www.swiggy.com:443/home,127,0,0
1789536727198,653,Swiggy - Request 1,200,OK,Swiggy 3-6,text,true,,90701,242,7,35,https://www.swiggy.com:443/home,328,0,235
1789536727198,329,Swiggy - Request 1-0,301,Moved Permanently,Swiggy 3-6,text,true,,338,117,7,35,https://swiggy.com/home,328,0,235
1789536727527,324,Swiggy - Request 1-1,200,OK,Swiggy 3-6,text,true,,90363,125,7,35,https://www.swiggy.com:443/home,178,0,32
1789536727414,451,Swiggy - Request 2,200,OK,Swiggy 3-1,text,true,,85803,246,7,35,https://www.swiggy.com:443/search,62,0,0
1789536727414,62,Swiggy - Request 2-0,301,Moved Permanently,Swiggy 3-1,text,true,,340,119,7,35,https://swiggy.com/search,62,0,0
1789536727476,389,Swiggy - Request 2-1,200,OK,Swiggy 3-1,text,true,,85463,127,7,35,https://www.swiggy.com:443/search,221,0,0
1789536727412,471,Swiggy - Request 4,200,OK,Swiggy 3-4,text,true,,89018,371,7,35,https://www.swiggy.com:443/checkout,64,0,0
1789536727412,64,Swiggy - Request 4-0,301,Moved Permanently,Swiggy 3-4,text,true,,338,117,7,35,https://swiggy.com/cart,64,0,0
1789536727476,136,Swiggy - Request 4-1,302,Found,Swiggy 3-4,text,true,,777,125,7,35,https://www.swiggy.com:443/cart,136,0,0
1789536727613,270,Swiggy - Request 4-2,200,OK,Swiggy 3-4,text,true,,87903,129,7,35,https://www.swiggy.com:443/checkout,234,0,0
1789536726202,1745,Ikea - Request 1,404,Not Found,Ikea 5-4,text,false,,465598,354,7,35,https://www.ikea.com/home/,38,0,26
1789536726202,38,Ikea - Request 1-0,301,Moved Permanently,Ikea 5-4,text,true,,428,115,7,35,https://ikea.com/home,38,0,26
1789536726241,126,Ikea - Request 1-1,301,Moved Permanently,Ikea 5-4,,true,,697,119,7,35,https://www.ikea.com/home,126,0,97
1789536726367,1580,Ikea - Request 1-2,404,Not Found,Ikea 5-4,text,false,,464473,120,7,35,https://www.ikea.com/home/,682,0,0
1789536727706,242,Swiggy - Request 3,404,Not Found,Swiggy 3-2,text,false,,4654,254,7,35,https://www.swiggy.com:443/restaurant,134,0,0
1789536727706,134,Swiggy - Request 3-0,301,Moved Permanently,Swiggy 3-2,text,true,,344,123,7,35,https://swiggy.com/restaurant,134,0,0
1789536727841,107,Swiggy - Request 3-1,404,Not Found,Swiggy 3-2,text,false,,4310,131,7,35,https://www.swiggy.com:443/restaurant,107,0,0
1789536727430,523,Walmart - Request 3,200,OK,Walmart 4-4,text,true,,18058,439,7,35,https://www.walmart.com/blocked?url=L3Byb2R1Y3Q=&uuid=f52626c7-b18f-11f1-934b-0fe1a612dde8&vid=&g=b,30,0,0
1789536727430,30,Walmart - Request 3-0,301,Moved Permanently,Walmart 4-4,,true,,688,121,7,35,https://walmart.com/product,30,0,0
1789536727461,379,Walmart - Request 3-1,307,Temporary Redirect,Walmart 4-4,text,true,,1429,125,7,35,https://www.walmart.com/product,379,0,0
1789536727841,112,Walmart - Request 3-2,200,OK,Walmart 4-4,text,true,,15941,193,7,35,https://www.walmart.com/blocked?url=L3Byb2R1Y3Q=&uuid=f52626c7-b18f-11f1-934b-0fe1a612dde8&vid=&g=b,112,0,0
1789536727883,147,Swiggy - Request 5,404,Not Found,Swiggy 3-4,text,false,,4650,246,7,35,https://www.swiggy.com:443/orders,71,0,0
1789536727883,71,Swiggy - Request 5-0,301,Moved Permanently,Swiggy 3-4,text,true,,340,119,7,35,https://swiggy.com/orders,71,0,0
1789536727954,76,Swiggy - Request 5-1,404,Not Found,Swiggy 3-4,text,false,,4310,127,7,35,https://www.swiggy.com:443/orders,76,0,0
1789536727429,604,Walmart - Request 3,200,OK,Walmart 4-2,text,true,,17990,439,7,35,https://www.walmart.com/blocked?url=L3Byb2R1Y3Q=&uuid=f52e0ab4-b18f-11f1-b141-317bc89d2556&vid=&g=b,32,0,0
1789536727429,32,Walmart - Request 3-0,301,Moved Permanently,Walmart 4-2,,true,,689,121,7,35,https://walmart.com/product,32,0,0
1789536727461,491,Walmart - Request 3-1,307,Temporary Redirect,Walmart 4-2,text,true,,1361,125,7,35,https://www.walmart.com/product,491,0,0
1789536727952,81,Walmart - Request 3-2,200,OK,Walmart 4-2,text,true,,15940,193,7,35,https://www.walmart.com/blocked?url=L3Byb2R1Y3Q=&uuid=f52e0ab4-b18f-11f1-b141-317bc89d2556&vid=&g=b,81,0,0
1789536727198,852,Walmart - Request 1,200,OK,Walmart 4-6,text,true,,17998,429,7,35,https://www.walmart.com/blocked?url=L2hvbWU=&uuid=f53c0fee-b18f-11f1-b4c4-48c26832a24d&vid=&g=b,258,0,94
1789536727198,258,Walmart - Request 1-0,301,Moved Permanently,Walmart 4-6,,true,,687,118,7,35,https://walmart.com/home,258,0,94
1789536727457,532,Walmart - Request 1-1,307,Temporary Redirect,Walmart 4-6,text,true,,1356,122,7,35,https://www.walmart.com/home,532,0,109
1789536727989,61,Walmart - Request 1-2,200,OK,Walmart 4-6,text,true,,15955,189,7,35,https://www.walmart.com/blocked?url=L2hvbWU=&uuid=f53c0fee-b18f-11f1-b4c4-48c26832a24d&vid=&g=b,61,0,0
1789536727465,615,Walmart - Request 5,200,OK,Walmart 4-1,text,true,,17990,437,7,35,https://www.walmart.com/blocked?url=L29yZGVycw==&uuid=f538085e-b18f-11f1-a65f-5e22faec8b63&vid=&g=b,46,0,0
1789536727465,46,Walmart - Request 5-0,301,Moved Permanently,Walmart 4-1,,true,,688,120,7,35,https://walmart.com/orders,46,0,0
1789536727511,513,Walmart - Request 5-1,307,Temporary Redirect,Walmart 4-1,text,true,,1361,124,7,35,https://www.walmart.com/orders,513,0,0
1789536728024,56,Walmart - Request 5-2,200,OK,Walmart 4-1,text,true,,15941,193,7,35,https://www.walmart.com/blocked?url=L29yZGVycw==&uuid=f538085e-b18f-11f1-a65f-5e22faec8b63&vid=&g=b,56,0,0
1789536727865,238,Swiggy - Request 3,404,Not Found,Swiggy 3-1,text,false,,4654,254,7,35,https://www.swiggy.com:443/restaurant,87,0,0
1789536727865,87,Swiggy - Request 3-0,301,Moved Permanently,Swiggy 3-1,text,true,,344,123,7,35,https://swiggy.com/restaurant,87,0,0
1789536727952,151,Swiggy - Request 3-1,404,Not Found,Swiggy 3-1,text,false,,4310,131,7,35,https://www.swiggy.com:443/restaurant,150,0,0
1789536727851,252,Swiggy - Request 2,200,OK,Swiggy 3-6,text,true,,85781,246,7,35,https://www.swiggy.com:443/search,101,0,0
1789536727851,101,Swiggy - Request 2-0,301,Moved Permanently,Swiggy 3-6,text,true,,340,119,7,35,https://swiggy.com/search,101,0,0
1789536727952,151,Swiggy - Request 2-1,200,OK,Swiggy 3-6,text,true,,85441,127,7,35,https://www.swiggy.com:443/search,143,0,0
1789536727850,337,Swiggy - Request 2,200,OK,Swiggy 3-3,text,true,,85802,246,7,35,https://www.swiggy.com:443/search,102,0,0
1789536727850,102,Swiggy - Request 2-0,301,Moved Permanently,Swiggy 3-3,text,true,,340,119,7,35,https://swiggy.com/search,102,0,0
1789536727952,235,Swiggy - Request 2-1,200,OK,Swiggy 3-3,text,true,,85462,127,7,35,https://www.swiggy.com:443/search,183,0,0
1789536727728,530,Swiggy - Request 4,200,OK,Swiggy 3-5,text,true,,88950,371,8,40,https://www.swiggy.com:443/checkout,112,0,0
1789536727728,112,Swiggy - Request 4-0,301,Moved Permanently,Swiggy 3-5,text,true,,338,117,8,40,https://swiggy.com/cart,112,0,0
1789536727841,152,Swiggy - Request 4-1,302,Found,Swiggy 3-5,text,true,,777,125,8,40,https://www.swiggy.com:443/cart,152,0,0
1789536727993,265,Swiggy - Request 4-2,200,OK,Swiggy 3-5,text,true,,87835,129,8,40,https://www.swiggy.com:443/checkout,195,0,0
1789536728104,303,Swiggy - Request 3,404,Not Found,Swiggy 3-6,text,false,,4654,254,8,40,https://www.swiggy.com:443/restaurant,77,0,0
1789536728104,77,Swiggy - Request 3-0,301,Moved Permanently,Swiggy 3-6,text,true,,344,123,8,40,https://swiggy.com/restaurant,77,0,0
1789536728181,226,Swiggy - Request 3-1,404,Not Found,Swiggy 3-6,text,false,,4310,131,8,40,https://www.swiggy.com:443/restaurant,226,0,0
1789536728030,379,Swiggy - Request 1,200,OK,Swiggy 3-4,text,true,,90693,242,8,40,https://www.swiggy.com:443/home,55,0,0
1789536728030,55,Swiggy - Request 1-0,301,Moved Permanently,Swiggy 3-4,text,true,,338,117,8,40,https://swiggy.com/home,55,0,0
1789536728086,323,Swiggy - Request 1-1,200,OK,Swiggy 3-4,text,true,,90355,125,8,40,https://www.swiggy.com:443/home,126,0,0
1789536727699,724,Swiggy - Request 1,200,OK,Swiggy 3-7,text,true,,90694,242,8,40,https://www.swiggy.com:443/home,386,0,334
1789536727699,386,Swiggy - Request 1-0,301,Moved Permanently,Swiggy 3-7,text,true,,338,117,8,40,https://swiggy.com/home,386,0,334
1789536728086,337,Swiggy - Request 1-1,200,OK,Swiggy 3-7,text,true,,90356,125,8,40,https://www.swiggy.com:443/home,173,0,26
1789536726702,1794,Ikea - Request 1,404,Not Found,Ikea 5-5,text,false,,465599,354,8,40,https://www.ikea.com/home/,118,0,83
1789536726702,118,Ikea - Request 1-0,301,Moved Permanently,Ikea 5-5,text,true,,428,115,8,40,https://ikea.com/home,118,0,83
1789536726821,111,Ikea - Request 1-1,301,Moved Permanently,Ikea 5-5,,true,,698,119,8,40,https://www.ikea.com/home,111,0,92
1789536726932,1564,Ikea - Request 1-2,404,Not Found,Ikea 5-5,text,false,,464473,120,8,40,https://www.ikea.com/home/,760,0,0
1789536728187,316,Swiggy - Request 3,404,Not Found,Swiggy 3-3,text,false,,4654,254,8,40,https://www.swiggy.com:443/restaurant,256,0,0
1789536728187,256,Swiggy - Request 3-0,301,Moved Permanently,Swiggy 3-3,text,true,,344,123,8,40,https://swiggy.com/restaurant,256,0,0
1789536728443,60,Swiggy - Request 3-1,404,Not Found,Swiggy 3-3,text,false,,4310,131,8,40,https://www.swiggy.com:443/restaurant,60,0,0
1789536727065,1559,Ikea - Request 2,404,Not Found,Ikea 5-2,text,false,,465604,360,8,40,https://www.ikea.com/search/,13,0,0
1789536727065,13,Ikea - Request 2-0,301,Moved Permanently,Ikea 5-2,text,true,,430,117,8,40,https://ikea.com/search,13,0,0
1789536727078,18,Ikea - Request 2-1,301,Moved Permanently,Ikea 5-2,,true,,702,121,8,40,https://www.ikea.com/search,18,0,0
1789536727096,1528,Ikea - Request 2-2,404,Not Found,Ikea 5-2,text,false,,464472,122,8,40,https://www.ikea.com/search/,606,0,0
1789536727015,1737,Ikea - Request 2,404,Not Found,Ikea 5-1,text,false,,465604,360,9,45,https://www.ikea.com/search/,51,0,0
1789536727015,51,Ikea - Request 2-0,301,Moved Permanently,Ikea 5-1,text,true,,430,117,9,45,https://ikea.com/search,51,0,0
1789536727067,19,Ikea - Request 2-1,301,Moved Permanently,Ikea 5-1,,true,,701,121,9,45,https://www.ikea.com/search,19,0,0
1789536727086,1666,Ikea - Request 2-2,404,Not Found,Ikea 5-1,text,false,,464473,122,9,45,https://www.ikea.com/search/,861,0,0
1789536727198,1666,Ikea - Request 1,404,Not Found,Ikea 5-6,text,false,,465599,354,9,45,https://www.ikea.com/home/,69,0,54
1789536727198,69,Ikea - Request 1-0,301,Moved Permanently,Ikea 5-6,text,true,,428,115,9,45,https://ikea.com/home,69,0,54
1789536727268,74,Ikea - Request 1-1,301,Moved Permanently,Ikea 5-6,,true,,698,119,9,45,https://www.ikea.com/home,74,0,48
1789536727342,1522,Ikea - Request 1-2,404,Not Found,Ikea 5-6,text,false,,464473,120,9,45,https://www.ikea.com/home/,629,0,0
1789536728103,817,Swiggy - Request 4,200,OK,Swiggy 3-1,text,true,,89004,371,9,45,https://www.swiggy.com:443/checkout,78,0,0
1789536728103,78,Swiggy - Request 4-0,301,Moved Permanently,Swiggy 3-1,text,true,,338,117,9,45,https://swiggy.com/cart,78,0,0
1789536728181,226,Swiggy - Request 4-1,302,Found,Swiggy 3-1,text,true,,777,125,9,45,https://www.swiggy.com:443/cart,226,0,0
1789536728407,513,Swiggy - Request 4-2,200,OK,Swiggy 3-1,text,true,,87889,129,9,45,https://www.swiggy.com:443/checkout,277,0,0
1789536727699,1293,Walmart - Request 1,200,OK,Walmart 4-7,text,true,,17997,429,9,45,https://www.walmart.com/blocked?url=L2hvbWU=&uuid=f57f7903-b18f-11f1-842d-8992fd5ca2cb&vid=&g=b,249,0,200
1789536727699,249,Walmart - Request 1-0,301,Moved Permanently,Walmart 4-7,,true,,688,118,9,45,https://walmart.com/home,249,0,200
1789536727948,495,Walmart - Request 1-1,307,Temporary Redirect,Walmart 4-7,text,true,,1356,122,9,45,https://www.walmart.com/home,495,0,92
1789536728444,548,Walmart - Request 1-2,200,OK,Walmart 4-7,text,true,,15953,189,9,45,https://www.walmart.com/blocked?url=L2hvbWU=&uuid=f57f7903-b18f-11f1-842d-8992fd5ca2cb&vid=&g=b,548,0,0
1789536727953,1045,Walmart - Request 4,200,OK,Walmart 4-4,text,true,,351730,350,9,45,https://www.walmart.com/,40,0,0
1789536727953,40,Walmart - Request 4-0,302,Moved Temporarily,Walmart 4-4,,true,,789,118,9,45,https://walmart.com/cart,40,0,0
1789536727993,37,Walmart - Request 4-1,301,Moved Permanently,Walmart 4-4,,true,,798,114,9,45,https://walmart.com/,37,0,0
1789536728030,968,Walmart - Request 4-2,200,OK,Walmart 4-4,text,true,,350143,118,9,45,https://www.walmart.com/,69,0,0
1789536727948,1123,Swiggy - Request 4,200,OK,Swiggy 3-2,text,true,,88979,371,9,45,https://www.swiggy.com:443/checkout,75,0,0
1789536727948,75,Swiggy - Request 4-0,301,Moved Permanently,Swiggy 3-2,text,true,,338,117,9,45,https://swiggy.com/cart,75,0,0
1789536728023,234,Swiggy - Request 4-1,302,Found,Swiggy 3-2,text,true,,777,125,9,45,https://www.swiggy.com:443/cart,234,0,0
1789536728258,813,Swiggy - Request 4-2,200,OK,Swiggy 3-2,text,true,,87864,129,9,45,https://www.swiggy.com:443/checkout,508,0,0
1789536728258,813,Swiggy - Request 5,404,Not Found,Swiggy 3-5,text,false,,4650,246,9,45,https://www.swiggy.com:443/orders,535,0,0
1789536728258,535,Swiggy - Request 5-0,301,Moved Permanently,Swiggy 3-5,text,true,,340,119,9,45,https://swiggy.com/orders,535,0,0
1789536728793,278,Swiggy - Request 5-1,404,Not Found,Swiggy 3-5,text,false,,4310,127,9,45,https://www.swiggy.com:443/orders,278,0,0
1789536728921,360,Swiggy - Request 5,404,Not Found,Swiggy 3-1,text,false,,4650,246,10,50,https://www.swiggy.com:443/orders,79,0,0
1789536728921,79,Swiggy - Request 5-0,301,Moved Permanently,Swiggy 3-1,text,true,,340,119,10,50,https://swiggy.com/orders,79,0,0
1789536729000,281,Swiggy - Request 5-1,404,Not Found,Swiggy 3-1,text,false,,4310,127,10,50,https://www.swiggy.com:443/orders,281,0,0
1789536728409,873,Swiggy - Request 2,200,OK,Swiggy 3-4,text,true,,85795,246,10,50,https://www.swiggy.com:443/search,384,0,0
1789536728409,384,Swiggy - Request 2-0,301,Moved Permanently,Swiggy 3-4,text,true,,340,119,10,50,https://swiggy.com/search,384,0,0
1789536728794,488,Swiggy - Request 2-1,200,OK,Swiggy 3-4,text,true,,85455,127,10,50,https://www.swiggy.com:443/search,278,0,0
1789536728081,1254,Walmart - Request 1,200,OK,Walmart 4-1,text,true,,17984,429,10,50,https://www.walmart.com/blocked?url=L2hvbWU=&uuid=f58e323f-b18f-11f1-8fc2-3d64c656a160&vid=&g=b,33,0,0
1789536728081,33,Walmart - Request 1-0,301,Moved Permanently,Walmart 4-1,,true,,687,118,10,50,https://walmart.com/home,33,0,0
1789536728114,880,Walmart - Request 1-1,307,Temporary Redirect,Walmart 4-1,text,true,,1356,122,10,50,https://www.walmart.com/home,880,0,0
1789536728994,341,Walmart - Request 1-2,200,OK,Walmart 4-1,text,true,,15941,189,10,50,https://www.walmart.com/blocked?url=L2hvbWU=&uuid=f58e323f-b18f-11f1-8fc2-3d64c656a160&vid=&g=b,341,0,0
1789536727542,1794,Walmart - Request 2,200,OK,Walmart 4-5,text,true,,18114,437,10,50,https://www.walmart.com/blocked?url=L3NlYXJjaA==&uuid=f5b0ae51-b18f-11f1-a7d1-5e22faec8b63&vid=&g=b,56,0,0
1789536727542,56,Walmart - Request 2-0,301,Moved Permanently,Walmart 4-5,,true,,802,120,10,50,https://walmart.com/search,56,0,0
1789536727599,1395,Walmart - Request 2-1,307,Temporary Redirect,Walmart 4-5,text,true,,1371,124,10,50,https://www.walmart.com/search,1395,0,0
1789536728994,342,Walmart - Request 2-2,200,OK,Walmart 4-5,text,true,,15941,193,10,50,https://www.walmart.com/blocked?url=L3NlYXJjaA==&uuid=f5b0ae51-b18f-11f1-a7d1-5e22faec8b63&vid=&g=b,342,0,0
1789536728407,1107,Swiggy - Request 4,200,OK,Swiggy 3-6,text,true,,88958,371,10,50,https://www.swiggy.com:443/checkout,387,0,0
1789536728407,387,Swiggy - Request 4-0,301,Moved Permanently,Swiggy 3-6,text,true,,338,117,10,50,https://swiggy.com/cart,387,0,0
1789536728794,279,Swiggy - Request 4-1,302,Found,Swiggy 3-6,text,true,,778,125,10,50,https://www.swiggy.com:443/cart,279,0,0
1789536729073,441,Swiggy - Request 4-2,200,OK,Swiggy 3-6,text,true,,87842,129,10,50,https://www.swiggy.com:443/checkout,409,0,0
1789536728424,1092,Swiggy - Request 2,200,OK,Swiggy 3-7,text,true,,85804,246,10,50,https://www.swiggy.com:443/search,568,0,0
1789536728424,568,Swiggy - Request 2-0,301,Moved Permanently,Swiggy 3-7,text,true,,340,119,10,50,https://swiggy.com/search,568,0,0
1789536728992,524,Swiggy - Request 2-1,200,OK,Swiggy 3-7,text,true,,85464,127,10,50,https://www.swiggy.com:443/search,291,0,0
1789536729071,445,Swiggy - Request 5,404,Not Found,Swiggy 3-2,text,false,,4650,246,10,50,https://www.swiggy.com:443/orders,267,0,0
1789536729071,267,Swiggy - Request 5-0,301,Moved Permanently,Swiggy 3-2,text,true,,340,119,10,50,https://swiggy.com/orders,267,0,0
1789536729338,178,Swiggy - Request 5-1,404,Not Found,Swiggy 3-2,text,false,,4310,127,10,50,https://www.swiggy.com:443/orders,178,0,0
1789536727587,1941,Ikea - Request 2,404,Not Found,Ikea 5-3,text,false,,465605,360,10,50,https://www.ikea.com/search/,15,0,0
1789536727587,15,Ikea - Request 2-0,301,Moved Permanently,Ikea 5-3,text,true,,430,117,10,50,https://ikea.com/search,15,0,0
1789536727602,23,Ikea - Request 2-1,301,Moved Permanently,Ikea 5-3,,true,,702,121,10,50,https://www.ikea.com/search,23,0,0
1789536727626,1902,Ikea - Request 2-2,404,Not Found,Ikea 5-3,text,false,,464473,122,10,50,https://www.ikea.com/search/,768,0,0
1789536728050,1556,Walmart - Request 2,200,OK,Walmart 4-6,text,true,,18114,437,10,50,https://www.walmart.com/blocked?url=L3NlYXJjaA==&uuid=f5e64aee-b18f-11f1-9109-7d858c237caf&vid=&g=b,32,0,0
1789536728050,32,Walmart - Request 2-0,301,Moved Permanently,Walmart 4-6,,true,,803,120,10,50,https://walmart.com/search,32,0,0
1789536728083,1084,Walmart - Request 2-1,307,Temporary Redirect,Walmart 4-6,text,true,,1369,124,10,50,https://www.walmart.com/search,1084,0,0
1789536729167,439,Walmart - Request 2-2,200,OK,Walmart 4-6,text,true,,15942,193,10,50,https://www.walmart.com/blocked?url=L3NlYXJjaA==&uuid=f5e64aee-b18f-11f1-9109-7d858c237caf&vid=&g=b,439,0,0
1789536727733,1876,Walmart - Request 2,200,OK,Walmart 4-3,text,true,,18112,437,10,50,https://www.walmart.com/blocked?url=L3NlYXJjaA==&uuid=f5ea5f42-b18f-11f1-8f8f-ce9819c18b67&vid=&g=b,214,0,0
1789536727733,214,Walmart - Request 2-0,301,Moved Permanently,Walmart 4-3,,true,,801,120,10,50,https://walmart.com/search,214,0,0
1789536727948,1390,Walmart - Request 2-1,307,Temporary Redirect,Walmart 4-3,text,true,,1371,124,10,50,https://www.walmart.com/search,1390,0,0
1789536729338,271,Walmart - Request 2-2,200,OK,Walmart 4-3,text,true,,15940,193,10,50,https://www.walmart.com/blocked?url=L3NlYXJjaA==&uuid=f5ea5f42-b18f-11f1-8f8f-ce9819c18b67&vid=&g=b,271,0,0
1789536729071,546,Swiggy - Request 1,200,OK,Swiggy 3-5,text,true,,90744,242,10,50,https://www.swiggy.com:443/home,267,0,0
1789536729071,267,Swiggy - Request 1-0,301,Moved Permanently,Swiggy 3-5,text,true,,338,117,10,50,https://swiggy.com/home,267,0,0
1789536729338,279,Swiggy - Request 1-1,200,OK,Swiggy 3-5,text,true,,90406,125,10,50,https://www.swiggy.com:443/home,227,0,0
1789536728504,1131,Swiggy - Request 4,200,OK,Swiggy 3-3,text,true,,88981,371,10,50,https://www.swiggy.com:443/checkout,490,0,0
1789536728504,490,Swiggy - Request 4-0,301,Moved Permanently,Swiggy 3-3,text,true,,338,117,10,50,https://swiggy.com/cart,490,0,0
1789536728994,288,Swiggy - Request 4-1,302,Found,Swiggy 3-3,text,true,,777,125,10,50,https://www.swiggy.com:443/cart,288,0,0
1789536729282,353,Swiggy - Request 4-2,200,OK,Swiggy 3-3,text,true,,87866,129,10,50,https://www.swiggy.com:443/checkout,300,0,0
1789536729514,179,Swiggy - Request 5,404,Not Found,Swiggy 3-6,text,false,,4650,246,10,50,https://www.swiggy.com:443/orders,96,0,0
1789536729514,96,Swiggy - Request 5-0,301,Moved Permanently,Swiggy 3-6,text,true,,340,119,10,50,https://swiggy.com/orders,96,0,0
1789536729610,83,Swiggy - Request 5-1,404,Not Found,Swiggy 3-6,text,false,,4310,127,10,50,https://www.swiggy.com:443/orders,83,0,0
1789536729282,411,Swiggy - Request 3,404,Not Found,Swiggy 3-4,text,false,,4654,254,10,50,https://www.swiggy.com:443/restaurant,325,0,0
1789536729282,325,Swiggy - Request 3-0,301,Moved Permanently,Swiggy 3-4,text,true,,344,123,10,50,https://swiggy.com/restaurant,325,0,0
1789536729607,86,Swiggy - Request 3-1,404,Not Found,Swiggy 3-4,text,false,,4310,131,10,50,https://www.swiggy.com:443/restaurant,86,0,0
1789536729282,601,Swiggy - Request 1,200,OK,Swiggy 3-1,text,true,,90701,242,10,50,https://www.swiggy.com:443/home,325,0,0
1789536729282,325,Swiggy - Request 1-0,301,Moved Permanently,Swiggy 3-1,text,true,,338,117,10,50,https://swiggy.com/home,325,0,0
1789536729607,276,Swiggy - Request 1-1,200,OK,Swiggy 3-1,text,true,,90363,125,10,50,https://www.swiggy.com:443/home,271,0,0
1789536727699,2234,Ikea - Request 1,404,Not Found,Ikea 5-7,text,false,,465598,354,10,50,https://www.ikea.com/home/,206,0,181
1789536727699,206,Ikea - Request 1-0,301,Moved Permanently,Ikea 5-7,text,true,,428,115,10,50,https://ikea.com/home,206,0,181
1789536727905,92,Ikea - Request 1-1,301,Moved Permanently,Ikea 5-7,,true,,698,119,10,50,https://www.ikea.com/home,92,0,70
1789536727997,1936,Ikea - Request 1-2,404,Not Found,Ikea 5-7,text,false,,464472,120,10,50,https://www.ikea.com/home/,880,0,0
1789536727947,2050,Ikea - Request 2,404,Not Found,Ikea 5-4,text,false,,465603,360,10,50,https://www.ikea.com/search/,19,0,0
1789536727947,19,Ikea - Request 2-0,301,Moved Permanently,Ikea 5-4,text,true,,430,117,10,50,https://ikea.com/search,19,0,0
1789536727966,23,Ikea - Request 2-1,301,Moved Permanently,Ikea 5-4,,true,,701,121,10,50,https://www.ikea.com/search,23,0,0
1789536727989,2008,Ikea - Request 2-2,404,Not Found,Ikea 5-4,text,false,,464472,122,10,50,https://www.ikea.com/search/,1115,0,0
1789536729516,534,Swiggy - Request 3,404,Not Found,Swiggy 3-7,text,false,,4654,254,10,50,https://www.swiggy.com:443/restaurant,220,0,0
1789536729516,220,Swiggy - Request 3-0,301,Moved Permanently,Swiggy 3-7,text,true,,344,123,10,50,https://swiggy.com/restaurant,220,0,0
1789536729737,313,Swiggy - Request 3-1,404,Not Found,Swiggy 3-7,text,false,,4310,131,10,50,https://www.swiggy.com:443/restaurant,313,0,0
1789536729635,415,Swiggy - Request 5,404,Not Found,Swiggy 3-3,text,false,,4650,246,10,50,https://www.swiggy.com:443/orders,106,0,0
1789536729635,106,Swiggy - Request 5-0,301,Moved Permanently,Swiggy 3-3,text,true,,340,119,10,50,https://swiggy.com/orders,106,0,0
1789536729741,309,Swiggy - Request 5-1,404,Not Found,Swiggy 3-3,text,false,,4310,127,10,50,https://www.swiggy.com:443/orders,309,0,0
1789536729693,435,Swiggy - Request 1,200,OK,Swiggy 3-6,text,true,,90686,242,10,50,https://www.swiggy.com:443/home,176,0,0
1789536729693,176,Swiggy - Request 1-0,301,Moved Permanently,Swiggy 3-6,text,true,,338,117,10,50,https://swiggy.com/home,176,0,0
1789536729870,258,Swiggy - Request 1-1,200,OK,Swiggy 3-6,text,true,,90348,125,10,50,https://www.swiggy.com:443/home,222,0,0
1789536728199,1937,Swiggy - Request 1,200,OK,Swiggy 3-8,text,true,,90686,242,10,50,https://www.swiggy.com:443/home,1410,0,1139
1789536728199,1410,Swiggy - Request 1-0,301,Moved Permanently,Swiggy 3-8,text,true,,338,117,10,50,https://swiggy.com/home,1410,0,1139
1789536729609,527,Swiggy - Request 1-1,200,OK,Swiggy 3-8,text,true,,90348,125,10,50,https://www.swiggy.com:443/home,431,0,85
1789536729618,519,Swiggy - Request 2,200,OK,Swiggy 3-5,text,true,,85797,246,10,50,https://www.swiggy.com:443/search,121,0,0
1789536729618,121,Swiggy - Request 2-0,301,Moved Permanently,Swiggy 3-5,text,true,,340,119,10,50,https://swiggy.com/search,121,0,0
1789536729739,398,Swiggy - Request 2-1,200,OK,Swiggy 3-5,text,true,,85457,127,10,50,https://www.swiggy.com:443/search,311,0,0
1789536728998,1194,Walmart - Request 5,200,OK,Walmart 4-4,text,true,,18061,437,10,50,https://www.walmart.com/blocked?url=L29yZGVycw==&uuid=f645767d-b18f-11f1-a354-eeddbde52601&vid=&g=b,282,0,0
1789536728993,1199,Walmart - Request 2,200,OK,Walmart 4-7,text,true,,18211,437,10,50,https://www.walmart.com/blocked?url=L3NlYXJjaA==&uuid=f643cbae-b18f-11f1-b268-d8ce933ecbcf&vid=&g=b,287,0,0
1789536728998,282,Walmart - Request 5-0,301,Moved Permanently,Walmart 4-4,,true,,688,120,10,50,https://walmart.com/orders,282,0,0
1789536728993,287,Walmart - Request 2-0,301,Moved Permanently,Walmart 4-7,,true,,799,120,10,50,https://walmart.com/search,287,0,0
1789536729281,459,Walmart - Request 5-1,307,Temporary Redirect,Walmart 4-4,text,true,,1432,124,10,50,https://www.walmart.com/orders,459,0,0
1789536729281,460,Walmart - Request 2-1,307,Temporary Redirect,Walmart 4-7,text,true,,1471,124,10,50,https://www.walmart.com/search,460,0,0
1789536729740,452,Walmart - Request 5-2,200,OK,Walmart 4-4,text,true,,15941,193,10,50,https://www.walmart.com/blocked?url=L29yZGVycw==&uuid=f645767d-b18f-11f1-a354-eeddbde52601&vid=&g=b,452,0,0
1789536729741,451,Walmart - Request 2-2,200,OK,Walmart 4-7,text,true,,15941,193,10,50,https://www.walmart.com/blocked?url=L3NlYXJjaA==&uuid=f643cbae-b18f-11f1-b268-d8ce933ecbcf&vid=&g=b,451,0,0
1789536729335,890,Walmart - Request 2,200,OK,Walmart 4-1,text,true,,18180,437,10,50,https://www.walmart.com/blocked?url=L3NlYXJjaA==&uuid=f667764e-b18f-11f1-928a-7d858c237caf&vid=&g=b,181,0,0
1789536729335,181,Walmart - Request 2-0,301,Moved Permanently,Walmart 4-1,,true,,800,120,10,50,https://walmart.com/search,181,0,0
1789536729517,505,Walmart - Request 2-1,307,Temporary Redirect,Walmart 4-1,text,true,,1439,124,10,50,https://www.walmart.com/search,505,0,0
1789536730023,203,Walmart - Request 2-2,200,OK,Walmart 4-1,text,true,,15941,193,10,50,https://www.walmart.com/blocked?url=L3NlYXJjaA==&uuid=f667764e-b18f-11f1-928a-7d858c237caf&vid=&g=b,203,0,0
1789536729517,727,Swiggy - Request 1,200,OK,Swiggy 3-2,text,true,,90762,242,10,50,https://www.swiggy.com:443/home,219,0,0
1789536729517,219,Swiggy - Request 1-0,301,Moved Permanently,Swiggy 3-2,text,true,,338,117,10,50,https://swiggy.com/home,219,0,0
1789536729737,507,Swiggy - Request 1-1,200,OK,Swiggy 3-2,text,true,,90424,125,10,50,https://www.swiggy.com:443/home,401,0,0
1789536728497,1762,Ikea - Request 2,404,Not Found,Ikea 5-5,text,false,,465604,360,10,50,https://www.ikea.com/search/,205,0,0
1789536728497,205,Ikea - Request 2-0,301,Moved Permanently,Ikea 5-5,text,true,,430,117,10,50,https://ikea.com/search,205,0,0
1789536728702,47,Ikea - Request 2-1,301,Moved Permanently,Ikea 5-5,,true,,701,121,10,50,https://www.ikea.com/search,47,0,0
1789536728749,1510,Ikea - Request 2-2,404,Not Found,Ikea 5-5,text,false,,464473,122,10,50,https://www.ikea.com/search/,662,0,0
1789536729693,611,Swiggy - Request 4,200,OK,Swiggy 3-4,text,true,,88958,371,10,50,https://www.swiggy.com:443/checkout,176,0,0
1789536729693,176,Swiggy - Request 4-0,301,Moved Permanently,Swiggy 3-4,text,true,,338,117,10,50,https://swiggy.com/cart,176,0,0
1789536729870,222,Swiggy - Request 4-1,302,Found,Swiggy 3-4,text,true,,778,125,10,50,https://www.swiggy.com:443/cart,222,0,0
1789536730092,212,Swiggy - Request 4-2,200,OK,Swiggy 3-4,text,true,,87842,129,10,50,https://www.swiggy.com:443/checkout,153,0,0
1789536728199,2110,Ikea - Request 1,404,Not Found,Ikea 5-8,text,false,,465598,354,10,50,https://www.ikea.com/home/,254,0,236
1789536728199,254,Ikea - Request 1-0,301,Moved Permanently,Ikea 5-8,text,true,,428,115,10,50,https://ikea.com/home,254,0,236
1789536728454,295,Ikea - Request 1-1,301,Moved Permanently,Ikea 5-8,,true,,698,119,10,50,https://www.ikea.com/home,295,0,250
1789536728749,1560,Ikea - Request 1-2,404,Not Found,Ikea 5-8,text,false,,464472,120,10,50,https://www.ikea.com/home/,669,0,0
1789536730138,410,Swiggy - Request 3,404,Not Found,Swiggy 3-5,text,false,,4654,254,10,50,https://www.swiggy.com:443/restaurant,91,0,0
1789536730138,91,Swiggy - Request 3-0,301,Moved Permanently,Swiggy 3-5,text,true,,344,123,10,50,https://swiggy.com/restaurant,91,0,0
1789536730229,319,Swiggy - Request 3-1,404,Not Found,Swiggy 3-5,text,false,,4310,131,10,50,https://www.swiggy.com:443/restaurant,319,0,0
1789536728865,1688,Ikea - Request 2,404,Not Found,Ikea 5-6,text,false,,465603,360,10,50,https://www.ikea.com/search/,67,0,0
1789536728865,67,Ikea - Request 2-0,301,Moved Permanently,Ikea 5-6,text,true,,430,117,10,50,https://ikea.com/search,67,0,0
1789536728932,57,Ikea - Request 2-1,301,Moved Permanently,Ikea 5-6,,true,,701,121,10,50,https://www.ikea.com/search,57,0,0
1789536728989,1564,Ikea - Request 2-2,404,Not Found,Ikea 5-6,text,false,,464472,122,10,50,https://www.ikea.com/search/,722,0,0
1789536728753,2012,Ikea - Request 3,404,Not Found,Ikea 5-1,text,false,,465607,363,10,50,https://www.ikea.com/product/,68,0,0
1789536728753,68,Ikea - Request 3-0,301,Moved Permanently,Ikea 5-1,text,true,,431,118,10,50,https://ikea.com/product,68,0,0
1789536728821,129,Ikea - Request 3-1,301,Moved Permanently,Ikea 5-1,,true,,703,122,10,50,https://www.ikea.com/product,129,0,0
1789536728951,1814,Ikea - Request 3-2,404,Not Found,Ikea 5-1,text,false,,464473,123,10,50,https://www.ikea.com/product/,943,0,0
1789536728696,2166,Ikea - Request 1,404,Not Found,Ikea 5-9,text,false,,465599,354,10,50,https://www.ikea.com/home/,165,0,102
1789536728696,165,Ikea - Request 1-0,301,Moved Permanently,Ikea 5-9,text,true,,428,115,10,50,https://ikea.com/home,165,0,102
1789536728861,195,Ikea - Request 1-1,301,Moved Permanently,Ikea 5-9,,true,,698,119,10,50,https://www.ikea.com/home,195,0,131
1789536729056,1806,Ikea - Request 1-2,404,Not Found,Ikea 5-9,text,false,,464473,120,10,50,https://www.ikea.com/home/,866,0,0
1789536728204,2740,Walmart - Request 1,200,OK,Walmart 4-8,text,true,,17989,429,10,50,https://www.walmart.com/blocked?url=L2hvbWU=&uuid=f672d383-b18f-11f1-b038-c59289bbe27d&vid=&g=b,867,0,289
1789536728204,867,Walmart - Request 1-0,301,Moved Permanently,Walmart 4-8,,true,,688,118,10,50,https://walmart.com/home,867,0,289
1789536729071,1123,Walmart - Request 1-1,307,Temporary Redirect,Walmart 4-8,text,true,,1360,122,10,50,https://www.walmart.com/home,1123,0,540
1789536730195,750,Walmart - Request 1-2,200,OK,Walmart 4-8,text,true,,15941,189,10,50,https://www.walmart.com/blocked?url=L2hvbWU=&uuid=f672d383-b18f-11f1-b038-c59289bbe27d&vid=&g=b,750,0,0
1789536729606,1342,Walmart - Request 3,200,OK,Walmart 4-6,text,true,,17992,439,10,50,https://www.walmart.com/blocked?url=L3Byb2R1Y3Q=&uuid=f68c565f-b18f-11f1-b8a8-48c26832a24d&vid=&g=b,85,0,0
1789536729606,85,Walmart - Request 3-0,301,Moved Permanently,Walmart 4-6,,true,,689,121,10,50,https://walmart.com/product,85,0,0
1789536729691,536,Walmart - Request 3-1,307,Temporary Redirect,Walmart 4-6,text,true,,1362,125,10,50,https://www.walmart.com/product,536,0,0
1789536730228,721,Walmart - Request 3-2,200,OK,Walmart 4-6,text,true,,15941,193,10,50,https://www.walmart.com/blocked?url=L3Byb2R1Y3Q=&uuid=f68c565f-b18f-11f1-b8a8-48c26832a24d&vid=&g=b,721,0,0
1789536729336,1612,Walmart - Request 3,200,OK,Walmart 4-5,text,true,,17989,439,10,50,https://www.walmart.com/blocked?url=L3Byb2R1Y3Q=&uuid=f682afe5-b18f-11f1-982c-4dfa130842cb&vid=&g=b,357,0,0
1789536729336,357,Walmart - Request 3-0,301,Moved Permanently,Walmart 4-5,,true,,688,121,10,50,https://walmart.com/product,357,0,0
1789536729693,533,Walmart - Request 3-1,307,Temporary Redirect,Walmart 4-5,text,true,,1360,125,10,50,https://www.walmart.com/product,533,0,0
1789536730227,722,Walmart - Request 3-2,200,OK,Walmart 4-5,text,true,,15941,193,10,50,https://www.walmart.com/blocked?url=L3Byb2R1Y3Q=&uuid=f682afe5-b18f-11f1-982c-4dfa130842cb&vid=&g=b,722,0,0
1789536729610,1341,Walmart - Request 3,200,OK,Walmart 4-3,text,true,,18061,439,10,50,https://www.walmart.com/blocked?url=L3Byb2R1Y3Q=&uuid=f6903b24-b18f-11f1-b041-91e6263d9938&vid=&g=b,81,0,0
1789536729610,81,Walmart - Request 3-0,301,Moved Permanently,Walmart 4-3,,true,,688,121,10,50,https://walmart.com/product,81,0,0
1789536729692,643,Walmart - Request 3-1,307,Temporary Redirect,Walmart 4-3,text,true,,1432,125,10,50,https://www.walmart.com/product,643,0,0
1789536730336,616,Walmart - Request 3-2,200,OK,Walmart 4-3,text,true,,15941,193,10,50,https://www.walmart.com/blocked?url=L3Byb2R1Y3Q=&uuid=f6903b24-b18f-11f1-b041-91e6263d9938&vid=&g=b,616,0,0
1789536729885,1095,Swiggy - Request 2,200,OK,Swiggy 3-1,text,true,,85811,246,10,50,https://www.swiggy.com:443/search,308,0,0
1789536729885,308,Swiggy - Request 2-0,301,Moved Permanently,Swiggy 3-1,text,true,,340,119,10,50,https://swiggy.com/search,308,0,0
1789536730193,787,Swiggy - Request 2-1,200,OK,Swiggy 3-1,text,true,,85471,127,10,50,https://www.swiggy.com:443/search,690,0,0
1789536730051,929,Swiggy - Request 1,200,OK,Swiggy 3-3,text,true,,90710,242,10,50,https://www.swiggy.com:443/home,176,0,0
1789536730051,176,Swiggy - Request 1-0,301,Moved Permanently,Swiggy 3-3,text,true,,338,117,10,50,https://swiggy.com/home,176,0,0
1789536730227,753,Swiggy - Request 1-1,200,OK,Swiggy 3-3,text,true,,90372,125,10,50,https://www.swiggy.com:443/home,677,0,0
1789536728696,2285,Swiggy - Request 1,200,OK,Swiggy 3-9,text,true,,90708,242,10,50,https://www.swiggy.com:443/home,1042,0,913
1789536728696,1042,Swiggy - Request 1-0,301,Moved Permanently,Swiggy 3-9,text,true,,338,117,10,50,https://swiggy.com/home,1042,0,913
1789536729738,1243,Swiggy - Request 1-1,200,OK,Swiggy 3-9,text,true,,90370,125,10,50,https://www.swiggy.com:443/home,564,0,401
1789536730128,855,Swiggy - Request 2,200,OK,Swiggy 3-6,text,true,,85802,246,10,50,https://www.swiggy.com:443/search,101,0,0
1789536730128,101,Swiggy - Request 2-0,301,Moved Permanently,Swiggy 3-6,text,true,,340,119,10,50,https://swiggy.com/search,101,0,0
1789536730229,754,Swiggy - Request 2-1,200,OK,Swiggy 3-6,text,true,,85462,127,10,50,https://www.swiggy.com:443/search,679,0,0
1789536728624,2494,Ikea - Request 3,404,Not Found,Ikea 5-2,text,false,,465608,363,10,50,https://www.ikea.com/product/,78,0,0
1789536728624,78,Ikea - Request 3-0,301,Moved Permanently,Ikea 5-2,text,true,,431,118,10,50,https://ikea.com/product,78,0,0
1789536728703,45,Ikea - Request 3-1,301,Moved Permanently,Ikea 5-2,,true,,704,122,10,50,https://www.ikea.com/product,45,0,0
1789536728748,2370,Ikea - Request 3-2,404,Not Found,Ikea 5-2,text,false,,464473,123,10,50,https://www.ikea.com/product/,1414,0,0
1789536729198,1953,Ikea - Request 1,404,Not Found,Ikea 5-10,text,false,,465599,354,10,50,https://www.ikea.com/home/,244,0,134
1789536729198,244,Ikea - Request 1-0,301,Moved Permanently,Ikea 5-10,text,true,,428,115,10,50,https://ikea.com/home,244,0,134
1789536729442,157,Ikea - Request 1-1,301,Moved Permanently,Ikea 5-10,,true,,698,119,10,50,https://www.ikea.com/home,157,0,130
1789536729599,1552,Ikea - Request 1-2,404,Not Found,Ikea 5-10,text,false,,464473,120,10,50,https://www.ikea.com/home/,597,0,0
1789536729528,1661,Ikea - Request 3,404,Not Found,Ikea 5-3,text,false,,465608,363,10,50,https://www.ikea.com/product/,62,0,0
1789536729528,62,Ikea - Request 3-0,301,Moved Permanently,Ikea 5-3,text,true,,431,118,10,50,https://ikea.com/product,62,0,0
1789536729590,22,Ikea - Request 3-1,301,Moved Permanently,Ikea 5-3,,true,,704,122,10,50,https://www.ikea.com/product,22,0,0
1789536729612,1577,Ikea - Request 3-2,404,Not Found,Ikea 5-3,text,false,,464473,123,10,50,https://www.ikea.com/product/,697,0,0
1789536730137,1311,Swiggy - Request 2,200,OK,Swiggy 3-8,text,true,,85787,246,10,50,https://www.swiggy.com:443/search,92,0,0
1789536730137,92,Swiggy - Request 2-0,301,Moved Permanently,Swiggy 3-8,text,true,,340,119,10,50,https://swiggy.com/search,92,0,0
1789536730229,1219,Swiggy - Request 2-1,200,OK,Swiggy 3-8,text,true,,85447,127,10,50,https://www.swiggy.com:443/search,692,0,0
1789536730305,1145,Swiggy - Request 5,404,Not Found,Swiggy 3-4,text,false,,4650,246,10,50,https://www.swiggy.com:443/orders,644,0,0
1789536730305,644,Swiggy - Request 5-0,301,Moved Permanently,Swiggy 3-4,text,true,,340,119,10,50,https://swiggy.com/orders,644,0,0
1789536730950,500,Swiggy - Request 5-1,404,Not Found,Swiggy 3-4,text,false,,4310,127,10,50,https://www.swiggy.com:443/orders,500,0,0
1789536730227,1260,Walmart - Request 3,200,OK,Walmart 4-1,text,true,,17993,439,10,50,https://www.walmart.com/blocked?url=L3Byb2R1Y3Q=&uuid=f6f0a86c-b18f-11f1-ab72-5e22faec8b63&vid=&g=b,96,0,0
1789536730227,96,Walmart - Request 3-0,301,Moved Permanently,Walmart 4-1,,true,,690,121,10,50,https://walmart.com/product,96,0,0
1789536730323,629,Walmart - Request 3-1,307,Temporary Redirect,Walmart 4-1,text,true,,1361,125,10,50,https://www.walmart.com/product,629,0,0
1789536730952,535,Walmart - Request 3-2,200,OK,Walmart 4-1,text,true,,15942,193,10,50,https://www.walmart.com/blocked?url=L3Byb2R1Y3Q=&uuid=f6f0a86c-b18f-11f1-ab72-5e22faec8b63&vid=&g=b,535,0,0
1789536730193,1296,Walmart - Request 3,200,OK,Walmart 4-7,text,true,,17991,439,10,50,https://www.walmart.com/blocked?url=L3Byb2R1Y3Q=&uuid=f6d465f9-b18f-11f1-89b6-93da68420623&vid=&g=b,52,0,0
1789536730193,52,Walmart - Request 3-0,301,Moved Permanently,Walmart 4-7,,true,,690,121,10,50,https://walmart.com/product,52,0,0
1789536730245,707,Walmart - Request 3-1,307,Temporary Redirect,Walmart 4-7,text,true,,1360,125,10,50,https://www.walmart.com/product,707,0,0
1789536730952,537,Walmart - Request 3-2,200,OK,Walmart 4-7,text,true,,15941,193,10,50,https://www.walmart.com/blocked?url=L3Byb2R1Y3Q=&uuid=f6d465f9-b18f-11f1-89b6-93da68420623&vid=&g=b,537,0,0
1789536729198,2290,Walmart - Request 1,200,OK,Walmart 4-10,text,true,,17987,429,10,50,https://www.walmart.com/blocked?url=L2hvbWU=&uuid=f6c7d324-b18f-11f1-ab0f-b3206f6d166a&vid=&g=b,434,0,389
1789536730194,1295,Walmart - Request 1,200,OK,Walmart 4-4,text,true,,18052,429,10,50,https://www.walmart.com/blocked?url=L2hvbWU=&uuid=f6d47d08-b18f-11f1-869e-e0890cebd838&vid=&g=b,51,0,0
1789536729198,434,Walmart - Request 1-0,301,Moved Permanently,Walmart 4-10,,true,,688,118,10,50,https://walmart.com/home,434,0,389
1789536730194,51,Walmart - Request 1-0,301,Moved Permanently,Walmart 4-4,,true,,685,118,10,50,https://walmart.com/home,51,0,0
1789536729632,1319,Walmart - Request 1-1,307,Temporary Redirect,Walmart 4-10,text,true,,1358,122,10,50,https://www.walmart.com/home,1319,0,563
1789536730245,707,Walmart - Request 1-1,307,Temporary Redirect,Walmart 4-4,text,true,,1426,122,10,50,https://www.walmart.com/home,707,0,0
1789536730952,537,Walmart - Request 1-2,200,OK,Walmart 4-10,text,true,,15941,189,10,50,https://www.walmart.com/blocked?url=L2hvbWU=&uuid=f6c7d324-b18f-11f1-ab0f-b3206f6d166a&vid=&g=b,537,0,0
1789536730952,537,Walmart - Request 1-2,200,OK,Walmart 4-4,text,true,,15941,189,10,50,https://www.walmart.com/blocked?url=L2hvbWU=&uuid=f6d47d08-b18f-11f1-869e-e0890cebd838&vid=&g=b,537,0,0
1789536728698,2790,Walmart - Request 1,200,OK,Walmart 4-9,text,true,,17987,429,10,50,https://www.walmart.com/blocked?url=L2hvbWU=&uuid=f6a277b0-b18f-11f1-b8c0-ff5dec6370e5&vid=&g=b,818,0,587
1789536728698,818,Walmart - Request 1-0,301,Moved Permanently,Walmart 4-9,,true,,688,118,10,50,https://walmart.com/home,818,0,587
1789536729517,1428,Walmart - Request 1-1,307,Temporary Redirect,Walmart 4-9,text,true,,1358,122,10,50,https://www.walmart.com/home,1428,0,226
1789536730946,543,Walmart - Request 1-2,200,OK,Walmart 4-9,text,true,,15941,189,10,50,https://www.walmart.com/blocked?url=L2hvbWU=&uuid=f6a277b0-b18f-11f1-b8c0-ff5dec6370e5&vid=&g=b,543,0,0
1789536730051,1500,Swiggy - Request 4,200,OK,Swiggy 3-7,text,true,,88950,371,10,50,https://www.swiggy.com:443/checkout,176,0,0
1789536730051,176,Swiggy - Request 4-0,301,Moved Permanently,Swiggy 3-7,text,true,,338,117,10,50,https://swiggy.com/cart,176,0,0
1789536730227,677,Swiggy - Request 4-1,302,Found,Swiggy 3-7,text,true,,777,125,10,50,https://www.swiggy.com:443/cart,677,0,0
1789536730904,647,Swiggy - Request 4-2,200,OK,Swiggy 3-7,text,true,,87835,129,10,50,https://www.swiggy.com:443/checkout,138,0,0
1789536730245,1313,Swiggy - Request 2,200,OK,Swiggy 3-2,text,true,,85811,246,10,50,https://www.swiggy.com:443/search,703,0,0
1789536730245,703,Swiggy - Request 2-0,301,Moved Permanently,Swiggy 3-2,text,true,,340,119,10,50,https://swiggy.com/search,703,0,0
1789536730949,609,Swiggy - Request 2-1,200,OK,Swiggy 3-2,text,true,,85471,127,10,50,https://www.swiggy.com:443/search,603,0,0
1789536729998,1568,Ikea - Request 3,404,Not Found,Ikea 5-4,text,false,,465608,363,10,50,https://www.ikea.com/product/,36,0,0
1789536729998,36,Ikea - Request 3-0,301,Moved Permanently,Ikea 5-4,text,true,,431,118,10,50,https://ikea.com/product,36,0,0
1789536730034,23,Ikea - Request 3-1,301,Moved Permanently,Ikea 5-4,,true,,704,122,10,50,https://www.ikea.com/product,23,0,0
1789536730057,1509,Ikea - Request 3-2,404,Not Found,Ikea 5-4,text,false,,464473,123,10,50,https://www.ikea.com/product/,677,0,0
1789536730980,609,Swiggy - Request 3,404,Not Found,Swiggy 3-1,text,false,,4654,254,10,50,https://www.swiggy.com:443/restaurant,510,0,0
1789536730980,510,Swiggy - Request 3-0,301,Moved Permanently,Swiggy 3-1,text,true,,344,123,10,50,https://swiggy.com/restaurant,510,0,0
1789536731490,99,Swiggy - Request 3-1,404,Not Found,Swiggy 3-1,text,false,,4310,131,10,50,https://www.swiggy.com:443/restaurant,99,0,0
1789536730983,609,Swiggy - Request 3,404,Not Found,Swiggy 3-6,text,false,,4654,254,10,50,https://www.swiggy.com:443/restaurant,507,0,0
1789536730983,507,Swiggy - Request 3-0,301,Moved Permanently,Swiggy 3-6,text,true,,344,123,10,50,https://swiggy.com/restaurant,507,0,0
1789536731490,102,Swiggy - Request 3-1,404,Not Found,Swiggy 3-6,text,false,,4310,131,10,50,https://www.swiggy.com:443/restaurant,102,0,0
1789536729934,1986,Ikea - Request 2,404,Not Found,Ikea 5-7,text,false,,465604,360,10,50,https://www.ikea.com/search/,64,0,0
1789536729934,64,Ikea - Request 2-0,301,Moved Permanently,Ikea 5-7,text,true,,430,117,10,50,https://ikea.com/search,64,0,0
1789536729998,44,Ikea - Request 2-1,301,Moved Permanently,Ikea 5-7,,true,,701,121,10,50,https://www.ikea.com/search,44,0,0
1789536730042,1878,Ikea - Request 2-2,404,Not Found,Ikea 5-7,text,false,,464473,122,10,50,https://www.ikea.com/search/,834,0,0
1789536731449,557,Swiggy - Request 3,404,Not Found,Swiggy 3-8,text,false,,4654,254,10,50,https://www.swiggy.com:443/restaurant,140,0,0
1789536731449,140,Swiggy - Request 3-0,301,Moved Permanently,Swiggy 3-8,text,true,,344,123,10,50,https://swiggy.com/restaurant,140,0,0
1789536731589,417,Swiggy - Request 3-1,404,Not Found,Swiggy 3-8,text,false,,4310,131,10,50,https://www.swiggy.com:443/restaurant,417,0,0
1789536731552,458,Swiggy - Request 5,404,Not Found,Swiggy 3-7,text,false,,4650,246,10,50,https://www.swiggy.com:443/orders,71,0,0
1789536731552,71,Swiggy - Request 5-0,301,Moved Permanently,Swiggy 3-7,text,true,,340,119,10,50,https://swiggy.com/orders,71,0,0
1789536731624,386,Swiggy - Request 5-1,404,Not Found,Swiggy 3-7,text,false,,4310,127,10,50,https://www.swiggy.com:443/orders,386,0,0
1789536730261,1994,Ikea - Request 3,404,Not Found,Ikea 5-5,text,false,,465607,363,10,50,https://www.ikea.com/product/,49,0,0
1789536730261,49,Ikea - Request 3-0,301,Moved Permanently,Ikea 5-5,text,true,,431,118,10,50,https://ikea.com/product,49,0,0
1789536730310,140,Ikea - Request 3-1,301,Moved Permanently,Ikea 5-5,,true,,703,122,10,50,https://www.ikea.com/product,140,0,0
1789536730450,1805,Ikea - Request 3-2,404,Not Found,Ikea 5-5,text,false,,464473,123,10,50,https://www.ikea.com/product/,741,0,0
1789536730310,1978,Ikea - Request 2,404,Not Found,Ikea 5-8,text,false,,465605,360,10,50,https://www.ikea.com/search/,140,0,0
1789536730310,140,Ikea - Request 2-0,301,Moved Permanently,Ikea 5-8,text,true,,430,117,10,50,https://ikea.com/search,140,0,0
1789536730450,80,Ikea - Request 2-1,301,Moved Permanently,Ikea 5-8,,true,,702,121,10,50,https://www.ikea.com/search,80,0,0
1789536730530,1758,Ikea - Request 2-2,404,Not Found,Ikea 5-8,text,false,,464473,122,10,50,https://www.ikea.com/search/,843,0,0
1789536730554,1809,Ikea - Request 3,404,Not Found,Ikea 5-6,text,false,,465608,363,10,50,https://www.ikea.com/product/,218,0,0
1789536730554,218,Ikea - Request 3-0,301,Moved Permanently,Ikea 5-6,text,true,,431,118,10,50,https://ikea.com/product,218,0,0
1789536730772,100,Ikea - Request 3-1,301,Moved Permanently,Ikea 5-6,,true,,704,122,10,50,https://www.ikea.com/product,100,0,0
1789536730872,1491,Ikea - Request 3-2,404,Not Found,Ikea 5-6,text,false,,464473,123,10,50,https://www.ikea.com/product/,589,0,0
1789536730864,1505,Ikea - Request 2,404,Not Found,Ikea 5-9,text,false,,465605,360,10,50,https://www.ikea.com/search/,8,0,0
1789536730864,8,Ikea - Request 2-0,301,Moved Permanently,Ikea 5-9,text,true,,430,117,10,50,https://ikea.com/search,8,0,0
1789536730872,21,Ikea - Request 2-1,301,Moved Permanently,Ikea 5-9,,true,,702,121,10,50,https://www.ikea.com/search,21,0,0
1789536730893,1476,Ikea - Request 2-2,404,Not Found,Ikea 5-9,text,false,,464473,122,10,50,https://www.ikea.com/search/,582,0,0
1789536730766,1627,Ikea - Request 4,404,Not Found,Ikea 5-1,text,false,,465599,354,10,50,https://www.ikea.com/cart/,99,0,0
1789536730766,100,Ikea - Request 4-0,301,Moved Permanently,Ikea 5-1,text,true,,428,115,10,50,https://ikea.com/cart,99,0,0
1789536730866,27,Ikea - Request 4-1,301,Moved Permanently,Ikea 5-1,,true,,698,119,10,50,https://www.ikea.com/cart,27,0,0
1789536730893,1500,Ikea - Request 4-2,404,Not Found,Ikea 5-1,text,false,,464473,120,10,50,https://www.ikea.com/cart/,601,0,0
1789536730983,1560,Swiggy - Request 2,200,OK,Swiggy 3-9,text,true,,85796,246,10,50,https://www.swiggy.com:443/search,507,0,0
1789536730983,507,Swiggy - Request 2-0,301,Moved Permanently,Swiggy 3-9,text,true,,340,119,10,50,https://swiggy.com/search,507,0,0
1789536731490,1053,Swiggy - Request 2-1,200,OK,Swiggy 3-9,text,true,,85456,127,10,50,https://www.swiggy.com:443/search,517,0,0
1789536730548,1998,Swiggy - Request 4,200,OK,Swiggy 3-5,text,true,,88983,371,10,50,https://www.swiggy.com:443/checkout,404,0,0
1789536730548,404,Swiggy - Request 4-0,301,Moved Permanently,Swiggy 3-5,text,true,,338,117,10,50,https://swiggy.com/cart,404,0,0
1789536730952,599,Swiggy - Request 4-1,302,Found,Swiggy 3-5,text,true,,777,125,10,50,https://www.swiggy.com:443/cart,599,0,0
1789536731552,994,Swiggy - Request 4-2,200,OK,Swiggy 3-5,text,true,,87868,129,10,50,https://www.swiggy.com:443/checkout,458,0,0
1789536731451,1095,Swiggy - Request 1,200,OK,Swiggy 3-4,text,true,,90693,242,10,50,https://www.swiggy.com:443/home,138,0,0
1789536731451,138,Swiggy - Request 1-0,301,Moved Permanently,Swiggy 3-4,text,true,,338,117,10,50,https://swiggy.com/home,138,0,0
1789536731589,957,Swiggy - Request 1-1,200,OK,Swiggy 3-4,text,true,,90355,125,10,50,https://www.swiggy.com:443/home,488,0,0
1789536730980,1568,Swiggy - Request 2,200,OK,Swiggy 3-3,text,true,,85833,246,10,50,https://www.swiggy.com:443/search,510,0,0
1789536730980,510,Swiggy - Request 2-0,301,Moved Permanently,Swiggy 3-3,text,true,,340,119,10,50,https://swiggy.com/search,510,0,0
1789536731490,1058,Swiggy - Request 2-1,200,OK,Swiggy 3-3,text,true,,85493,127,10,50,https://www.swiggy.com:443/search,1057,0,0
1789536729196,3575,Swiggy - Request 1,200,OK,Swiggy 3-10,text,true,,90693,242,10,50,https://www.swiggy.com:443/home,1140,0,996
1789536729196,1140,Swiggy - Request 1-0,301,Moved Permanently,Swiggy 3-10,text,true,,338,117,10,50,https://swiggy.com/home,1140,0,996
1789536730337,2434,Swiggy - Request 1-1,200,OK,Swiggy 3-10,text,true,,90355,125,10,50,https://www.swiggy.com:443/home,2046,0,1115
1789536728033,4795,Walmart - Request 4,200,OK,Walmart 4-2,text,true,,351730,350,10,50,https://www.walmart.com/,374,0,0
1789536728033,374,Walmart - Request 4-0,302,Moved Temporarily,Walmart 4-2,,true,,789,118,10,50,https://walmart.com/cart,374,0,0
1789536728407,92,Walmart - Request 4-1,301,Moved Permanently,Walmart 4-2,,true,,799,114,10,50,https://walmart.com/,92,0,0
1789536728499,4329,Walmart - Request 4-2,200,OK,Walmart 4-2,text,true,,350142,118,10,50,https://www.walmart.com/,495,0,0
1789536731558,1373,Swiggy - Request 3,404,Not Found,Swiggy 3-2,text,false,,4654,254,10,50,https://www.swiggy.com:443/restaurant,1267,0,0
1789536731558,1267,Swiggy - Request 3-0,301,Moved Permanently,Swiggy 3-2,text,true,,344,123,10,50,https://swiggy.com/restaurant,1267,0,0
1789536732825,106,Swiggy - Request 3-1,404,Not Found,Swiggy 3-2,text,false,,4310,131,10,50,https://www.swiggy.com:443/restaurant,106,0,0
1789536731120,1828,Ikea - Request 4,404,Not Found,Ikea 5-2,text,false,,465599,354,10,50,https://www.ikea.com/cart/,70,0,0
1789536731120,70,Ikea - Request 4-0,301,Moved Permanently,Ikea 5-2,text,true,,428,115,10,50,https://ikea.com/cart,70,0,0
1789536731190,271,Ikea - Request 4-1,301,Moved Permanently,Ikea 5-2,,true,,698,119,10,50,https://www.ikea.com/cart,271,0,0
1789536731462,1486,Ikea - Request 4-2,404,Not Found,Ikea 5-2,text,false,,464473,120,10,50,https://www.ikea.com/cart/,666,0,0
1789536731153,1797,Ikea - Request 2,404,Not Found,Ikea 5-10,text,false,,465605,360,10,50,https://www.ikea.com/search/,308,0,0
1789536731153,308,Ikea - Request 2-0,301,Moved Permanently,Ikea 5-10,text,true,,430,117,10,50,https://ikea.com/search,308,0,0
1789536731461,109,Ikea - Request 2-1,301,Moved Permanently,Ikea 5-10,,true,,702,121,10,50,https://www.ikea.com/search,109,0,0
1789536731570,1380,Ikea - Request 2-2,404,Not Found,Ikea 5-10,text,false,,464473,122,10,50,https://www.ikea.com/search/,619,0,0
1789536731566,1495,Ikea - Request 4,404,Not Found,Ikea 5-4,text,false,,465598,354,10,50,https://www.ikea.com/cart/,12,0,0
1789536731566,12,Ikea - Request 4-0,301,Moved Permanently,Ikea 5-4,text,true,,428,115,10,50,https://ikea.com/cart,12,0,0
1789536731578,31,Ikea - Request 4-1,301,Moved Permanently,Ikea 5-4,,true,,697,119,10,50,https://www.ikea.com/cart,31,0,0
1789536731609,1452,Ikea - Request 4-2,404,Not Found,Ikea 5-4,text,false,,464473,120,10,50,https://www.ikea.com/cart/,640,0,0
1789536731190,1905,Ikea - Request 4,404,Not Found,Ikea 5-3,text,false,,465598,354,10,50,https://www.ikea.com/cart/,271,0,0
1789536731190,271,Ikea - Request 4-0,301,Moved Permanently,Ikea 5-3,text,true,,428,115,10,50,https://ikea.com/cart,271,0,0
1789536731461,109,Ikea - Request 4-1,301,Moved Permanently,Ikea 5-3,,true,,697,119,10,50,https://www.ikea.com/cart,109,0,0
1789536731570,1525,Ikea - Request 4-2,404,Not Found,Ikea 5-3,text,false,,464473,120,10,50,https://www.ikea.com/cart/,632,0,0
1789536731592,1619,Swiggy - Request 4,200,OK,Swiggy 3-6,text,true,,88964,371,10,50,https://www.swiggy.com:443/checkout,1238,0,0
1789536731592,1238,Swiggy - Request 4-0,301,Moved Permanently,Swiggy 3-6,text,true,,338,117,10,50,https://swiggy.com/cart,1238,0,0
1789536732830,148,Swiggy - Request 4-1,302,Found,Swiggy 3-6,text,true,,777,125,10,50,https://www.swiggy.com:443/cart,148,0,0
1789536732978,233,Swiggy - Request 4-2,200,OK,Swiggy 3-6,text,true,,87849,129,10,50,https://www.swiggy.com:443/checkout,152,0,0
1789536732544,926,Swiggy - Request 3,404,Not Found,Swiggy 3-9,text,false,,4654,254,10,50,https://www.swiggy.com:443/restaurant,715,0,0
1789536731590,1880,Swiggy - Request 4,200,OK,Swiggy 3-1,text,true,,88950,371,10,50,https://www.swiggy.com:443/checkout,1240,0,0
1789536732544,715,Swiggy - Request 3-0,301,Moved Permanently,Swiggy 3-9,text,true,,344,123,10,50,https://swiggy.com/restaurant,715,0,0
1789536731590,1240,Swiggy - Request 4-0,301,Moved Permanently,Swiggy 3-1,text,true,,338,117,10,50,https://swiggy.com/cart,1240,0,0
1789536733259,211,Swiggy - Request 3-1,404,Not Found,Swiggy 3-9,text,false,,4310,131,10,50,https://www.swiggy.com:443/restaurant,211,0,0
1789536732830,148,Swiggy - Request 4-1,302,Found,Swiggy 3-1,text,true,,777,125,10,50,https://www.swiggy.com:443/cart,148,0,0
1789536732978,492,Swiggy - Request 4-2,200,OK,Swiggy 3-1,text,true,,87835,129,10,50,https://www.swiggy.com:443/checkout,197,0,0
1789536732546,1098,Swiggy - Request 5,404,Not Found,Swiggy 3-5,text,false,,4650,246,10,50,https://www.swiggy.com:443/orders,713,0,0
1789536732549,1095,Swiggy - Request 3,404,Not Found,Swiggy 3-3,text,false,,4654,254,10,50,https://www.swiggy.com:443/restaurant,710,0,0
1789536732546,713,Swiggy - Request 5-0,301,Moved Permanently,Swiggy 3-5,text,true,,340,119,10,50,https://swiggy.com/orders,713,0,0
1789536732549,710,Swiggy - Request 3-0,301,Moved Permanently,Swiggy 3-3,text,true,,344,123,10,50,https://swiggy.com/restaurant,710,0,0
1789536733259,385,Swiggy - Request 5-1,404,Not Found,Swiggy 3-5,text,false,,4310,127,10,50,https://www.swiggy.com:443/orders,385,0,0
1789536733259,385,Swiggy - Request 3-1,404,Not Found,Swiggy 3-3,text,false,,4310,131,10,50,https://www.swiggy.com:443/restaurant,385,0,0
1789536732546,1103,Swiggy - Request 2,200,OK,Swiggy 3-4,text,true,,85787,246,10,50,https://www.swiggy.com:443/search,713,0,0
1789536732546,713,Swiggy - Request 2-0,301,Moved Permanently,Swiggy 3-4,text,true,,340,119,10,50,https://swiggy.com/search,713,0,0
1789536733259,390,Swiggy - Request 2-1,200,OK,Swiggy 3-4,text,true,,85447,127,10,50,https://www.swiggy.com:443/search,214,0,0
1789536731920,1817,Ikea - Request 3,404,Not Found,Ikea 5-7,text,false,,465607,363,10,50,https://www.ikea.com/product/,136,0,0
1789536731920,137,Ikea - Request 3-0,301,Moved Permanently,Ikea 5-7,text,true,,431,118,10,50,https://ikea.com/product,136,0,0
1789536732057,130,Ikea - Request 3-1,301,Moved Permanently,Ikea 5-7,,true,,703,122,10,50,https://www.ikea.com/product,130,0,0
1789536732187,1550,Ikea - Request 3-2,404,Not Found,Ikea 5-7,text,false,,464473,123,10,50,https://www.ikea.com/product/,670,0,0
1789536732011,1790,Swiggy - Request 1,200,OK,Swiggy 3-7,text,true,,90731,242,10,50,https://www.swiggy.com:443/home,1222,0,0
1789536732011,1222,Swiggy - Request 1-0,301,Moved Permanently,Swiggy 3-7,text,true,,338,117,10,50,https://swiggy.com/home,1222,0,0
1789536733233,568,Swiggy - Request 1-1,200,OK,Swiggy 3-7,text,true,,90393,125,10,50,https://www.swiggy.com:443/home,238,0,0
1789536732771,1032,Swiggy - Request 2,200,OK,Swiggy 3-10,text,true,,85766,246,10,50,https://www.swiggy.com:443/search,488,0,0
1789536732771,488,Swiggy - Request 2-0,301,Moved Permanently,Swiggy 3-10,text,true,,340,119,10,50,https://swiggy.com/search,488,0,0
1789536733259,544,Swiggy - Request 2-1,200,OK,Swiggy 3-10,text,true,,85426,127,10,50,https://www.swiggy.com:443/search,384,0,0
1789536732288,1527,Ikea - Request 3,404,Not Found,Ikea 5-8,text,false,,465607,363,10,50,https://www.ikea.com/product/,10,0,0
1789536732288,10,Ikea - Request 3-0,301,Moved Permanently,Ikea 5-8,text,true,,431,118,10,50,https://ikea.com/product,10,0,0
1789536732298,31,Ikea - Request 3-1,301,Moved Permanently,Ikea 5-8,,true,,703,122,10,50,https://www.ikea.com/product,31,0,0
1789536732329,1486,Ikea - Request 3-2,404,Not Found,Ikea 5-8,text,false,,464473,123,10,50,https://www.ikea.com/product/,651,0,0
1789536732256,1614,Ikea - Request 4,404,Not Found,Ikea 5-5,text,false,,465599,354,10,50,https://www.ikea.com/cart/,27,0,0
1789536732256,27,Ikea - Request 4-0,301,Moved Permanently,Ikea 5-5,text,true,,428,115,10,50,https://ikea.com/cart,27,0,0
1789536732283,34,Ikea - Request 4-1,301,Moved Permanently,Ikea 5-5,,true,,698,119,10,50,https://www.ikea.com/cart,34,0,0
1789536732317,1553,Ikea - Request 4-2,404,Not Found,Ikea 5-5,text,false,,464473,120,10,50,https://www.ikea.com/cart/,610,0,0
1789536732006,2042,Swiggy - Request 4,200,OK,Swiggy 3-8,text,true,,88980,371,10,50,https://www.swiggy.com:443/checkout,1227,0,0
1789536732006,1227,Swiggy - Request 4-0,301,Moved Permanently,Swiggy 3-8,text,true,,338,117,10,50,https://swiggy.com/cart,1227,0,0
1789536733233,237,Swiggy - Request 4-1,302,Found,Swiggy 3-8,text,true,,777,125,10,50,https://www.swiggy.com:443/cart,237,0,0
1789536733470,578,Swiggy - Request 4-2,200,OK,Swiggy 3-8,text,true,,87865,129,10,50,https://www.swiggy.com:443/checkout,330,0,0
1789536732364,1789,Ikea - Request 4,404,Not Found,Ikea 5-6,text,false,,465599,354,10,50,https://www.ikea.com/cart/,24,0,0
1789536732364,24,Ikea - Request 4-0,301,Moved Permanently,Ikea 5-6,text,true,,428,115,10,50,https://ikea.com/cart,24,0,0
1789536732388,144,Ikea - Request 4-1,301,Moved Permanently,Ikea 5-6,,true,,698,119,10,50,https://www.ikea.com/cart,144,0,0
1789536732533,1620,Ikea - Request 4-2,404,Not Found,Ikea 5-6,text,false,,464473,120,10,50,https://www.ikea.com/cart/,588,0,0
1789536732370,1838,Ikea - Request 3,404,Not Found,Ikea 5-9,text,false,,465608,363,10,50,https://www.ikea.com/product/,106,0,0
1789536732370,106,Ikea - Request 3-0,301,Moved Permanently,Ikea 5-9,text,true,,431,118,10,50,https://ikea.com/product,106,0,0
1789536732476,63,Ikea - Request 3-1,301,Moved Permanently,Ikea 5-9,,true,,704,122,10,50,https://www.ikea.com/product,63,0,0
1789536732539,1669,Ikea - Request 3-2,404,Not Found,Ikea 5-9,text,false,,464473,123,10,50,https://www.ikea.com/product/,657,0,0
1789536732393,1891,Ikea - Request 5,404,Not Found,Ikea 5-1,text,false,,465603,360,10,50,https://www.ikea.com/orders/,139,0,0
1789536732393,139,Ikea - Request 5-0,301,Moved Permanently,Ikea 5-1,text,true,,430,117,10,50,https://ikea.com/orders,139,0,0
1789536732533,42,Ikea - Request 5-1,301,Moved Permanently,Ikea 5-1,,true,,701,121,10,50,https://www.ikea.com/orders,42,0,0
1789536732575,1709,Ikea - Request 5-2,404,Not Found,Ikea 5-1,text,false,,464472,122,10,50,https://www.ikea.com/orders/,776,0,0
1789536732931,1707,Swiggy - Request 4,200,OK,Swiggy 3-2,text,true,,88972,371,10,50,https://www.swiggy.com:443/checkout,896,0,0
1789536732931,896,Swiggy - Request 4-0,301,Moved Permanently,Swiggy 3-2,text,true,,338,117,10,50,https://swiggy.com/cart,896,0,0
1789536733827,221,Swiggy - Request 4-1,302,Found,Swiggy 3-2,text,true,,777,125,10,50,https://www.swiggy.com:443/cart,221,0,0
1789536734048,590,Swiggy - Request 4-2,200,OK,Swiggy 3-2,text,true,,87857,129,10,50,https://www.swiggy.com:443/checkout,242,0,0
1789536733061,1664,Ikea - Request 5,404,Not Found,Ikea 5-4,text,false,,465605,360,10,50,https://www.ikea.com/orders/,25,0,0
1789536733061,25,Ikea - Request 5-0,301,Moved Permanently,Ikea 5-4,text,true,,430,117,10,50,https://ikea.com/orders,25,0,0
1789536733086,20,Ikea - Request 5-1,301,Moved Permanently,Ikea 5-4,,true,,702,121,10,50,https://www.ikea.com/orders,20,0,0
1789536733106,1619,Ikea - Request 5-2,404,Not Found,Ikea 5-4,text,false,,464473,122,10,50,https://www.ikea.com/orders/,604,0,0
1789536731488,3246,Walmart - Request 4,200,OK,Walmart 4-1,text,true,,351863,350,10,50,https://www.walmart.com/,92,0,0
1789536731488,92,Walmart - Request 4-0,302,Moved Temporarily,Walmart 4-1,,true,,790,118,10,50,https://walmart.com/cart,92,0,0
1789536731580,68,Walmart - Request 4-1,301,Moved Permanently,Walmart 4-1,,true,,797,114,10,50,https://walmart.com/,68,0,0
1789536731648,3086,Walmart - Request 4-2,200,OK,Walmart 4-1,text,true,,350276,118,10,50,https://www.walmart.com/,1258,0,0
1789536733095,1706,Ikea - Request 5,404,Not Found,Ikea 5-3,text,false,,465605,360,10,50,https://www.ikea.com/orders/,7,0,0
1789536733095,7,Ikea - Request 5-0,301,Moved Permanently,Ikea 5-3,text,true,,430,117,10,50,https://ikea.com/orders,7,0,0
1789536733102,16,Ikea - Request 5-1,301,Moved Permanently,Ikea 5-3,,true,,702,121,10,50,https://www.ikea.com/orders,16,0,0
1789536733118,1683,Ikea - Request 5-2,404,Not Found,Ikea 5-3,text,false,,464473,122,10,50,https://www.ikea.com/orders/,609,0,0
1789536731489,3324,Walmart - Request 2,200,OK,Walmart 4-4,text,true,,18185,437,10,50,https://www.walmart.com/blocked?url=L3NlYXJjaA==&uuid=f79ca7b2-b18f-11f1-ab2d-0b98a8e43d3e&vid=&g=b,92,0,0
1789536731490,3323,Walmart - Request 2,200,OK,Walmart 4-9,text,true,,18186,437,10,50,https://www.walmart.com/blocked?url=L3NlYXJjaA==&uuid=f79945e8-b18f-11f1-ad60-b3206f6d166a&vid=&g=b,90,0,0
1789536731489,92,Walmart - Request 2-0,301,Moved Permanently,Walmart 4-4,,true,,803,120,10,50,https://walmart.com/search,92,0,0
1789536731490,90,Walmart - Request 2-0,301,Moved Permanently,Walmart 4-9,,true,,804,120,10,50,https://walmart.com/search,90,0,0
1789536731582,1649,Walmart - Request 2-1,307,Temporary Redirect,Walmart 4-4,text,true,,1440,124,10,50,https://www.walmart.com/search,1649,0,0
1789536731580,1651,Walmart - Request 2-1,307,Temporary Redirect,Walmart 4-9,text,true,,1440,124,10,50,https://www.walmart.com/search,1651,0,0
1789536733231,1582,Walmart - Request 2-2,200,OK,Walmart 4-4,text,true,,15942,193,10,50,https://www.walmart.com/blocked?url=L3NlYXJjaA==&uuid=f79ca7b2-b18f-11f1-ab2d-0b98a8e43d3e&vid=&g=b,1582,0,0
1789536733231,1582,Walmart - Request 2-2,200,OK,Walmart 4-9,text,true,,15942,193,10,50,https://www.walmart.com/blocked?url=L3NlYXJjaA==&uuid=f79945e8-b18f-11f1-ad60-b3206f6d166a&vid=&g=b,1582,0,0
1789536730945,3869,Walmart - Request 2,200,OK,Walmart 4-8,text,true,,18183,437,10,50,https://www.walmart.com/blocked?url=L3NlYXJjaA==&uuid=f79b5d7d-b18f-11f1-a5e5-4d16634877b3&vid=&g=b,613,0,0
1789536730945,613,Walmart - Request 2-0,301,Moved Permanently,Walmart 4-8,,true,,802,120,10,50,https://walmart.com/search,613,0,0
1789536731558,1675,Walmart - Request 2-1,307,Temporary Redirect,Walmart 4-8,text,true,,1440,124,10,50,https://www.walmart.com/search,1675,0,0
1789536733233,1581,Walmart - Request 2-2,200,OK,Walmart 4-8,text,true,,15941,193,10,50,https://www.walmart.com/blocked?url=L3NlYXJjaA==&uuid=f79b5d7d-b18f-11f1-a5e5-4d16634877b3&vid=&g=b,1581,0,0
1789536731489,3325,Walmart - Request 2,200,OK,Walmart 4-10,text,true,,18186,437,10,50,https://www.walmart.com/blocked?url=L3NlYXJjaA==&uuid=f79a66c1-b18f-11f1-95ac-3d64c656a160&vid=&g=b,92,0,0
1789536731489,92,Walmart - Request 2-0,301,Moved Permanently,Walmart 4-10,,true,,805,120,10,50,https://walmart.com/search,92,0,0
1789536731581,1650,Walmart - Request 2-1,307,Temporary Redirect,Walmart 4-10,text,true,,1440,124,10,50,https://www.walmart.com/search,1650,0,0
1789536733231,1583,Walmart - Request 2-2,200,OK,Walmart 4-10,text,true,,15941,193,10,50,https://www.walmart.com/blocked?url=L3NlYXJjaA==&uuid=f79a66c1-b18f-11f1-95ac-3d64c656a160&vid=&g=b,1583,0,0
1789536733212,1605,Swiggy - Request 5,404,Not Found,Swiggy 3-6,text,false,,4650,246,10,50,https://www.swiggy.com:443/orders,1525,0,0
1789536733212,1525,Swiggy - Request 5-0,301,Moved Permanently,Swiggy 3-6,text,true,,340,119,10,50,https://swiggy.com/orders,1525,0,0
1789536734737,80,Swiggy - Request 5-1,404,Not Found,Swiggy 3-6,text,false,,4310,127,10,50,https://www.swiggy.com:443/orders,80,0,0
1789536732950,1881,Ikea - Request 3,404,Not Found,Ikea 5-10,text,false,,465606,363,10,50,https://www.ikea.com/product/,52,0,0
1789536732950,52,Ikea - Request 3-0,301,Moved Permanently,Ikea 5-10,text,true,,431,118,10,50,https://ikea.com/product,52,0,0
1789536733002,16,Ikea - Request 3-1,301,Moved Permanently,Ikea 5-10,,true,,703,122,10,50,https://www.ikea.com/product,16,0,0
1789536733018,1813,Ikea - Request 3-2,404,Not Found,Ikea 5-10,text,false,,464472,123,10,50,https://www.ikea.com/product/,597,0,0
1789536732948,1895,Ikea - Request 5,404,Not Found,Ikea 5-2,text,false,,465605,360,10,50,https://www.ikea.com/orders/,54,0,0
1789536732948,54,Ikea - Request 5-0,301,Moved Permanently,Ikea 5-2,text,true,,430,117,10,50,https://ikea.com/orders,54,0,0
1789536733002,16,Ikea - Request 5-1,301,Moved Permanently,Ikea 5-2,,true,,702,121,10,50,https://www.ikea.com/orders,16,0,0
1789536733018,1825,Ikea - Request 5-2,404,Not Found,Ikea 5-2,text,false,,464473,122,10,50,https://www.ikea.com/orders/,749,0,0
1789536733471,1458,Swiggy - Request 5,404,Not Found,Swiggy 3-1,text,false,,4650,246,10,50,https://www.swiggy.com:443/orders,1346,0,0
1789536733471,1346,Swiggy - Request 5-0,301,Moved Permanently,Swiggy 3-1,text,true,,340,119,10,50,https://swiggy.com/orders,1346,0,0
1789536734816,113,Swiggy - Request 5-1,404,Not Found,Swiggy 3-1,text,false,,4310,127,10,50,https://www.swiggy.com:443/orders,113,0,0
1789536733649,1280,Swiggy - Request 3,404,Not Found,Swiggy 3-4,text,false,,4654,254,10,50,https://www.swiggy.com:443/restaurant,1168,0,0
1789536733649,1168,Swiggy - Request 3-0,301,Moved Permanently,Swiggy 3-4,text,true,,344,123,10,50,https://swiggy.com/restaurant,1168,0,0
1789536734816,113,Swiggy - Request 3-1,404,Not Found,Swiggy 3-4,text,false,,4310,131,10,50,https://www.swiggy.com:443/restaurant,113,0,0
1789536733803,1126,Swiggy - Request 3,404,Not Found,Swiggy 3-10,text,false,,4654,254,10,50,https://www.swiggy.com:443/restaurant,1014,0,0
1789536733803,1014,Swiggy - Request 3-0,301,Moved Permanently,Swiggy 3-10,text,true,,344,123,10,50,https://swiggy.com/restaurant,1014,0,0
1789536734816,113,Swiggy - Request 3-1,404,Not Found,Swiggy 3-10,text,false,,4310,131,10,50,https://www.swiggy.com:443/restaurant,113,0,0
1789536733644,1517,Swiggy - Request 1,200,OK,Swiggy 3-5,text,true,,90730,242,9,49,https://www.swiggy.com:443/home,1173,0,0
1789536733644,1173,Swiggy - Request 1-0,301,Moved Permanently,Swiggy 3-5,text,true,,338,117,9,49,https://swiggy.com/home,1173,0,0
1789536734816,345,Swiggy - Request 1-1,200,OK,Swiggy 3-5,text,true,,90392,125,9,49,https://www.swiggy.com:443/home,211,0,0
1789536733801,1375,Swiggy - Request 2,200,OK,Swiggy 3-7,text,true,,85804,246,9,49,https://www.swiggy.com:443/search,1016,0,0
1789536733801,1016,Swiggy - Request 2-0,301,Moved Permanently,Swiggy 3-7,text,true,,340,119,9,49,https://swiggy.com/search,1016,0,0
1789536734816,360,Swiggy - Request 2-1,200,OK,Swiggy 3-7,text,true,,85464,127,9,49,https://www.swiggy.com:443/search,212,0,0
1789536733737,1542,Ikea - Request 4,404,Not Found,Ikea 5-7,text,false,,465598,354,10,49,https://www.ikea.com/cart/,38,0,0
1789536733737,38,Ikea - Request 4-0,301,Moved Permanently,Ikea 5-7,text,true,,428,115,10,49,https://ikea.com/cart,38,0,0
1789536733776,13,Ikea - Request 4-1,301,Moved Permanently,Ikea 5-7,,true,,697,119,10,49,https://www.ikea.com/cart,13,0,0
1789536733789,1490,Ikea - Request 4-2,404,Not Found,Ikea 5-7,text,false,,464473,120,10,49,https://www.ikea.com/cart/,761,0,0
1789536733471,1832,Swiggy - Request 4,200,OK,Swiggy 3-9,text,true,,88965,371,9,49,https://www.swiggy.com:443/checkout,1346,0,0
1789536733471,1346,Swiggy - Request 4-0,301,Moved Permanently,Swiggy 3-9,text,true,,338,117,9,49,https://swiggy.com/cart,1346,0,0
1789536734816,210,Swiggy - Request 4-1,302,Found,Swiggy 3-9,text,true,,777,125,9,49,https://www.swiggy.com:443/cart,210,0,0
1789536735026,277,Swiggy - Request 4-2,200,OK,Swiggy 3-9,text,true,,87850,129,9,49,https://www.swiggy.com:443/checkout,148,0,0
1789536734638,717,Swiggy - Request 5,404,Not Found,Swiggy 3-2,text,false,,4650,246,9,49,https://www.swiggy.com:443/orders,617,0,0
1789536734638,617,Swiggy - Request 5-0,301,Moved Permanently,Swiggy 3-2,text,true,,340,119,9,49,https://swiggy.com/orders,617,0,0
1789536735255,100,Swiggy - Request 5-1,404,Not Found,Swiggy 3-2,text,false,,4310,127,9,49,https://www.swiggy.com:443/orders,100,0,0
1789536734048,1307,Swiggy - Request 5,404,Not Found,Swiggy 3-8,text,false,,4650,246,9,49,https://www.swiggy.com:443/orders,1207,0,0
1789536734048,1207,Swiggy - Request 5-0,301,Moved Permanently,Swiggy 3-8,text,true,,340,119,9,49,https://swiggy.com/orders,1207,0,0
1789536735255,100,Swiggy - Request 5-1,404,Not Found,Swiggy 3-8,text,false,,4310,127,9,49,https://www.swiggy.com:443/orders,100,0,0
1789536733644,1902,Swiggy - Request 4,200,OK,Swiggy 3-3,text,true,,88967,371,8,48,https://www.swiggy.com:443/checkout,1173,0,0
1789536733644,1173,Swiggy - Request 4-0,301,Moved Permanently,Swiggy 3-3,text,true,,338,117,8,48,https://swiggy.com/cart,1173,0,0
1789536734816,345,Swiggy - Request 4-1,302,Found,Swiggy 3-3,text,true,,778,125,8,48,https://www.swiggy.com:443/cart,345,0,0
1789536735161,385,Swiggy - Request 4-2,200,OK,Swiggy 3-3,text,true,,87851,129,8,48,https://www.swiggy.com:443/checkout,242,0,0
1789536732829,3231,Walmart - Request 5,200,OK,Walmart 4-2,text,true,,17990,437,10,48,https://www.walmart.com/blocked?url=L29yZGVycw==&uuid=f87875c9-b18f-11f1-a810-4d16634877b3&vid=&g=b,102,0,0
1789536732829,102,Walmart - Request 5-0,301,Moved Permanently,Walmart 4-2,,true,,687,120,10,48,https://walmart.com/orders,102,0,0
1789536732931,1884,Walmart - Request 5-1,307,Temporary Redirect,Walmart 4-2,text,true,,1362,124,10,48,https://www.walmart.com/orders,1884,0,0
1789536734814,1245,Walmart - Request 5-2,200,OK,Walmart 4-2,text,true,,15941,193,10,48,https://www.walmart.com/blocked?url=L29yZGVycw==&uuid=f87875c9-b18f-11f1-a810-4d16634877b3&vid=&g=b,1245,0,0
1789536733815,2674,Ikea - Request 4,404,Not Found,Ikea 5-8,text,false,,465599,354,10,48,https://www.ikea.com/cart/,55,0,0
1789536733815,55,Ikea - Request 4-0,301,Moved Permanently,Ikea 5-8,text,true,,428,115,10,48,https://ikea.com/cart,55,0,0
1789536733871,234,Ikea - Request 4-1,301,Moved Permanently,Ikea 5-8,,true,,698,119,10,48,https://www.ikea.com/cart,234,0,0
1789536734105,2384,Ikea - Request 4-2,404,Not Found,Ikea 5-8,text,false,,464473,120,10,48,https://www.ikea.com/cart/,717,0,0
1789536734153,2426,Ikea - Request 5,404,Not Found,Ikea 5-6,text,false,,465604,360,10,48,https://www.ikea.com/orders/,87,0,0
1789536734153,87,Ikea - Request 5-0,301,Moved Permanently,Ikea 5-6,text,true,,430,117,10,48,https://ikea.com/orders,87,0,0
1789536734240,288,Ikea - Request 5-1,301,Moved Permanently,Ikea 5-6,,true,,702,121,10,48,https://www.ikea.com/orders,288,0,0
1789536734528,2051,Ikea - Request 5-2,404,Not Found,Ikea 5-6,text,false,,464472,122,10,48,https://www.ikea.com/orders/,598,0,0
1789536735177,1467,Swiggy - Request 3,404,Not Found,Swiggy 3-7,text,false,,4655,254,8,48,https://www.swiggy.com:443/restaurant,995,0,0
1789536735177,995,Swiggy - Request 3-0,301,Moved Permanently,Swiggy 3-7,text,true,,344,123,8,48,https://swiggy.com/restaurant,995,0,0
1789536736172,472,Swiggy - Request 3-1,404,Not Found,Swiggy 3-7,text,false,,4311,131,8,48,https://www.swiggy.com:443/restaurant,472,0,0
1789536734734,2052,Walmart - Request 5,200,OK,Walmart 4-1,text,true,,17994,437,10,48,https://www.walmart.com/blocked?url=L29yZGVycw==&uuid=f990584b-b18f-11f1-82e8-b7d9e2895ac5&vid=&g=b,58,0,0
1789536734734,58,Walmart - Request 5-0,301,Moved Permanently,Walmart 4-1,,true,,689,120,10,48,https://walmart.com/orders,58,0,0
1789536734791,1381,Walmart - Request 5-1,307,Temporary Redirect,Walmart 4-1,text,true,,1362,124,10,48,https://www.walmart.com/orders,1381,0,0
1789536736172,614,Walmart - Request 5-2,200,OK,Walmart 4-1,text,true,,15943,193,10,48,https://www.walmart.com/blocked?url=L29yZGVycw==&uuid=f990584b-b18f-11f1-82e8-b7d9e2895ac5&vid=&g=b,614,0,0
1789536734813,1975,Walmart - Request 3,200,OK,Walmart 4-4,text,true,,18060,439,10,48,https://www.walmart.com/blocked?url=L3Byb2R1Y3Q=&uuid=f992ead8-b18f-11f1-acbe-eeddbde52601&vid=&g=b,74,0,0
1789536734813,74,Walmart - Request 3-0,301,Moved Permanently,Walmart 4-4,,true,,688,121,10,48,https://walmart.com/product,74,0,0
1789536734887,1285,Walmart - Request 3-1,307,Temporary Redirect,Walmart 4-4,text,true,,1430,125,10,48,https://www.walmart.com/product,1285,0,0
1789536736172,616,Walmart - Request 3-2,200,OK,Walmart 4-4,text,true,,15942,193,10,48,https://www.walmart.com/blocked?url=L3Byb2R1Y3Q=&uuid=f992ead8-b18f-11f1-acbe-eeddbde52601&vid=&g=b,616,0,0
1789536734813,1976,Walmart - Request 3,200,OK,Walmart 4-9,text,true,,17993,439,10,48,https://www.walmart.com/blocked?url=L3Byb2R1Y3Q=&uuid=f9991908-b18f-11f1-b305-5e22faec8b63&vid=&g=b,74,0,0
1789536734813,74,Walmart - Request 3-0,301,Moved Permanently,Walmart 4-9,,true,,689,121,10,48,https://walmart.com/product,74,0,0
1789536734887,1285,Walmart - Request 3-1,307,Temporary Redirect,Walmart 4-9,text,true,,1361,125,10,48,https://www.walmart.com/product,1285,0,0
1789536736172,617,Walmart - Request 3-2,200,OK,Walmart 4-9,text,true,,15943,193,10,48,https://www.walmart.com/blocked?url=L3Byb2R1Y3Q=&uuid=f9991908-b18f-11f1-b305-5e22faec8b63&vid=&g=b,617,0,0
1789536734814,1977,Walmart - Request 3,200,OK,Walmart 4-10,text,true,,17992,439,10,48,https://www.walmart.com/blocked?url=L3Byb2R1Y3Q=&uuid=f9929ff4-b18f-11f1-ad75-106448e9f728&vid=&g=b,73,0,0
1789536734814,73,Walmart - Request 3-0,301,Moved Permanently,Walmart 4-10,,true,,689,121,10,48,https://walmart.com/product,73,0,0
1789536734887,1285,Walmart - Request 3-1,307,Temporary Redirect,Walmart 4-10,text,true,,1361,125,10,48,https://www.walmart.com/product,1285,0,0
1789536736172,619,Walmart - Request 3-2,200,OK,Walmart 4-10,text,true,,15942,193,10,48,https://www.walmart.com/blocked?url=L3Byb2R1Y3Q=&uuid=f9929ff4-b18f-11f1-ad75-106448e9f728&vid=&g=b,619,0,0
1789536734814,1977,Walmart - Request 3,200,OK,Walmart 4-8,text,true,,17994,439,10,48,https://www.walmart.com/blocked?url=L3Byb2R1Y3Q=&uuid=f9989c23-b18f-11f1-bde6-f6ce66ca608e&vid=&g=b,73,0,0
1789536734814,73,Walmart - Request 3-0,301,Moved Permanently,Walmart 4-8,,true,,689,121,10,48,https://walmart.com/product,73,0,0
1789536734887,1285,Walmart - Request 3-1,307,Temporary Redirect,Walmart 4-8,text,true,,1363,125,10,48,https://www.walmart.com/product,1285,0,0
1789536736172,619,Walmart - Request 3-2,200,OK,Walmart 4-8,text,true,,15942,193,10,48,https://www.walmart.com/blocked?url=L3Byb2R1Y3Q=&uuid=f9989c23-b18f-11f1-bde6-f6ce66ca608e&vid=&g=b,619,0,0
1789536734816,1977,Swiggy - Request 1,200,OK,Swiggy 3-6,text,true,,90693,242,8,48,https://www.swiggy.com:443/home,1241,0,0
1789536734816,1241,Swiggy - Request 1-0,301,Moved Permanently,Swiggy 3-6,text,true,,338,117,8,48,https://swiggy.com/home,1241,0,0
1789536736057,736,Swiggy - Request 1-1,200,OK,Swiggy 3-6,text,true,,90355,125,8,48,https://www.swiggy.com:443/home,658,0,0
1789536735303,1897,Swiggy - Request 5,404,Not Found,Swiggy 3-9,text,false,,4651,246,8,48,https://www.swiggy.com:443/orders,1177,0,0
1789536735303,1177,Swiggy - Request 5-0,301,Moved Permanently,Swiggy 3-9,text,true,,340,119,8,48,https://swiggy.com/orders,1177,0,0
1789536736480,720,Swiggy - Request 5-1,404,Not Found,Swiggy 3-9,text,false,,4311,127,8,48,https://www.swiggy.com:443/orders,720,0,0
1789536730949,6273,Walmart - Request 4,200,OK,Walmart 4-6,text,true,,351756,350,10,48,https://www.walmart.com/,188,0,0
1789536730949,188,Walmart - Request 4-0,302,Moved Temporarily,Walmart 4-6,,true,,791,118,10,48,https://walmart.com/cart,188,0,0
1789536731137,421,Walmart - Request 4-1,301,Moved Permanently,Walmart 4-6,,true,,797,114,10,48,https://walmart.com/,421,0,0
1789536731558,5664,Walmart - Request 4-2,200,OK,Walmart 4-6,text,true,,350168,118,10,48,https://www.walmart.com/,1268,0,0
1789536735547,1679,Swiggy - Request 5,404,Not Found,Swiggy 3-3,text,false,,4651,246,8,48,https://www.swiggy.com:443/orders,933,0,0
1789536735547,933,Swiggy - Request 5-0,301,Moved Permanently,Swiggy 3-3,text,true,,340,119,8,48,https://swiggy.com/orders,933,0,0
1789536736480,746,Swiggy - Request 5-1,404,Not Found,Swiggy 3-3,text,false,,4311,127,8,48,https://www.swiggy.com:443/orders,746,0,0
1789536735161,2607,Swiggy - Request 2,200,OK,Swiggy 3-5,text,true,,85779,246,7,47,https://www.swiggy.com:443/search,1011,0,0
1789536735161,1011,Swiggy - Request 2-0,301,Moved Permanently,Swiggy 3-5,text,true,,340,119,7,47,https://swiggy.com/search,1011,0,0
1789536736172,1596,Swiggy - Request 2-1,200,OK,Swiggy 3-5,text,true,,85439,127,7,47,https://www.swiggy.com:443/search,569,0,0
1789536734208,3776,Ikea - Request 4,404,Not Found,Ikea 5-9,text,false,,465599,354,10,47,https://www.ikea.com/cart/,133,0,0
1789536734208,133,Ikea - Request 4-0,301,Moved Permanently,Ikea 5-9,text,true,,428,115,10,47,https://ikea.com/cart,133,0,0
1789536734341,458,Ikea - Request 4-1,301,Moved Permanently,Ikea 5-9,,true,,698,119,10,47,https://www.ikea.com/cart,458,0,0
1789536734798,3185,Ikea - Request 4-2,404,Not Found,Ikea 5-9,text,false,,464473,120,10,47,https://www.ikea.com/cart/,681,0,0
1789536730949,7063,Walmart - Request 4,200,OK,Walmart 4-5,text,true,,351753,350,10,47,https://www.walmart.com/,186,0,0
1789536730949,186,Walmart - Request 4-0,302,Moved Temporarily,Walmart 4-5,,true,,789,118,10,47,https://walmart.com/cart,186,0,0
1789536731135,420,Walmart - Request 4-1,301,Moved Permanently,Walmart 4-5,,true,,797,114,10,47,https://walmart.com/,420,0,0
1789536731555,6457,Walmart - Request 4-2,200,OK,Walmart 4-5,text,true,,350167,118,10,47,https://www.walmart.com/,1271,0,0
1789536734726,3406,Ikea - Request 1,404,Not Found,Ikea 5-4,text,false,,465599,354,10,47,https://www.ikea.com/home/,117,0,0
1789536734726,118,Ikea - Request 1-0,301,Moved Permanently,Ikea 5-4,text,true,,428,115,10,47,https://ikea.com/home,117,0,0
1789536734843,29,Ikea - Request 1-1,301,Moved Permanently,Ikea 5-4,,true,,698,119,10,47,https://www.ikea.com/home,29,0,0
1789536734872,3260,Ikea - Request 1-2,404,Not Found,Ikea 5-4,text,false,,464473,120,10,47,https://www.ikea.com/home/,579,0,0
1789536734285,3941,Ikea - Request 1,404,Not Found,Ikea 5-1,text,false,,465599,354,10,47,https://www.ikea.com/home/,58,0,0
1789536734285,58,Ikea - Request 1-0,301,Moved Permanently,Ikea 5-1,text,true,,428,115,10,47,https://ikea.com/home,58,0,0
1789536734343,312,Ikea - Request 1-1,301,Moved Permanently,Ikea 5-1,,true,,698,119,10,47,https://www.ikea.com/home,312,0,0
1789536734655,3571,Ikea - Request 1-2,404,Not Found,Ikea 5-1,text,false,,464473,120,10,47,https://www.ikea.com/home/,654,0,0
1789536734929,3300,Swiggy - Request 4,200,OK,Swiggy 3-4,text,true,,88958,371,7,47,https://www.swiggy.com:443/checkout,1130,0,0
1789536734929,1130,Swiggy - Request 4-0,301,Moved Permanently,Swiggy 3-4,text,true,,338,117,7,47,https://swiggy.com/cart,1130,0,0
1789536736059,657,Swiggy - Request 4-1,302,Found,Swiggy 3-4,text,true,,777,125,7,47,https://www.swiggy.com:443/cart,657,0,0
1789536736716,1513,Swiggy - Request 4-2,200,OK,Swiggy 3-4,text,true,,87843,129,7,47,https://www.swiggy.com:443/checkout,1285,0,0
1789536734802,3450,Ikea - Request 1,404,Not Found,Ikea 5-3,text,false,,465598,354,10,47,https://www.ikea.com/home/,58,0,0
1789536734802,58,Ikea - Request 1-0,301,Moved Permanently,Ikea 5-3,text,true,,428,115,10,47,https://ikea.com/home,58,0,0
1789536734861,28,Ikea - Request 1-1,301,Moved Permanently,Ikea 5-3,,true,,697,119,10,47,https://www.ikea.com/home,28,0,0
1789536734889,3363,Ikea - Request 1-2,404,Not Found,Ikea 5-3,text,false,,464473,120,10,47,https://www.ikea.com/home/,592,0,0
1789536734843,3472,Ikea - Request 1,404,Not Found,Ikea 5-2,text,false,,465599,354,10,47,https://www.ikea.com/home/,19,0,0
1789536734843,19,Ikea - Request 1-0,301,Moved Permanently,Ikea 5-2,text,true,,428,115,10,47,https://ikea.com/home,19,0,0
1789536734862,33,Ikea - Request 1-1,301,Moved Permanently,Ikea 5-2,,true,,698,119,10,47,https://www.ikea.com/home,33,0,0
1789536734895,3420,Ikea - Request 1-2,404,Not Found,Ikea 5-2,text,false,,464473,120,10,47,https://www.ikea.com/home/,680,0,0
1789536735356,2970,Swiggy - Request 1,200,OK,Swiggy 3-8,text,true,,90670,242,7,47,https://www.swiggy.com:443/home,1124,0,0
1789536735356,1124,Swiggy - Request 1-0,301,Moved Permanently,Swiggy 3-8,text,true,,338,117,7,47,https://swiggy.com/home,1124,0,0
1789536736480,1846,Swiggy - Request 1-1,200,OK,Swiggy 3-8,text,true,,90332,125,7,47,https://www.swiggy.com:443/home,843,0,0
1789536736060,2271,Walmart - Request 1,200,OK,Walmart 4-2,text,true,,17986,429,10,47,https://www.walmart.com/blocked?url=L2hvbWU=&uuid=fb26cda4-b18f-11f1-bbbe-91e6263d9938&vid=&g=b,552,0,0
1789536736060,552,Walmart - Request 1-0,301,Moved Permanently,Walmart 4-2,,true,,686,118,10,47,https://walmart.com/home,552,0,0
1789536736612,1399,Walmart - Request 1-1,307,Temporary Redirect,Walmart 4-2,text,true,,1359,122,10,47,https://www.walmart.com/home,1399,0,0
1789536738011,320,Walmart - Request 1-2,200,OK,Walmart 4-2,text,true,,15941,189,10,47,https://www.walmart.com/blocked?url=L2hvbWU=&uuid=fb26cda4-b18f-11f1-bbbe-91e6263d9938&vid=&g=b,320,0,0
1789536736793,1688,Swiggy - Request 2,200,OK,Swiggy 3-6,text,true,,85788,246,7,47,https://www.swiggy.com:443/search,1002,0,0
1789536736793,1002,Swiggy - Request 2-0,301,Moved Permanently,Swiggy 3-6,text,true,,340,119,7,47,https://swiggy.com/search,1002,0,0
1789536737796,685,Swiggy - Request 2-1,200,OK,Swiggy 3-6,text,true,,85448,127,7,47,https://www.swiggy.com:443/search,671,0,0
1789536737201,1372,Swiggy - Request 1,200,OK,Swiggy 3-9,text,true,,90709,242,7,47,https://www.swiggy.com:443/home,810,0,0
1789536737201,810,Swiggy - Request 1-0,301,Moved Permanently,Swiggy 3-9,text,true,,338,117,7,47,https://swiggy.com/home,810,0,0
1789536738011,562,Swiggy - Request 1-1,200,OK,Swiggy 3-9,text,true,,90371,125,7,47,https://www.swiggy.com:443/home,456,0,0
1789536734929,3645,Swiggy - Request 4,200,OK,Swiggy 3-10,text,true,,88979,371,7,47,https://www.swiggy.com:443/checkout,1130,0,0
1789536734929,1130,Swiggy - Request 4-0,301,Moved Permanently,Swiggy 3-10,text,true,,338,117,7,47,https://swiggy.com/cart,1130,0,0
1789536736059,654,Swiggy - Request 4-1,302,Found,Swiggy 3-10,text,true,,777,125,7,47,https://www.swiggy.com:443/cart,654,0,0
1789536736714,1860,Swiggy - Request 4-2,200,OK,Swiggy 3-10,text,true,,87864,129,7,47,https://www.swiggy.com:443/checkout,1294,0,0
1789536734830,3750,Ikea - Request 4,404,Not Found,Ikea 5-10,text,false,,465599,354,10,47,https://www.ikea.com/cart/,32,0,0
1789536734830,32,Ikea - Request 4-0,301,Moved Permanently,Ikea 5-10,text,true,,428,115,10,47,https://ikea.com/cart,32,0,0
1789536734862,31,Ikea - Request 4-1,301,Moved Permanently,Ikea 5-10,,true,,698,119,10,47,https://www.ikea.com/cart,31,0,0
1789536734893,3687,Ikea - Request 4-2,404,Not Found,Ikea 5-10,text,false,,464473,120,10,47,https://www.ikea.com/cart/,661,0,0
1789536735278,3339,Ikea - Request 5,404,Not Found,Ikea 5-7,text,false,,465605,360,10,47,https://www.ikea.com/orders/,62,0,0
1789536735278,63,Ikea - Request 5-0,301,Moved Permanently,Ikea 5-7,text,true,,430,117,10,47,https://ikea.com/orders,62,0,0
1789536735341,31,Ikea - Request 5-1,301,Moved Permanently,Ikea 5-7,,true,,702,121,10,47,https://www.ikea.com/orders,31,0,0
1789536735372,3245,Ikea - Request 5-2,404,Not Found,Ikea 5-7,text,false,,464473,122,10,47,https://www.ikea.com/orders/,815,0,0
1789536733871,4811,Ikea - Request 5,404,Not Found,Ikea 5-5,text,false,,465604,360,10,47,https://www.ikea.com/orders/,234,0,0
1789536733871,234,Ikea - Request 5-0,301,Moved Permanently,Ikea 5-5,text,true,,430,117,10,47,https://ikea.com/orders,234,0,0
1789536734105,127,Ikea - Request 5-1,301,Moved Permanently,Ikea 5-5,,true,,702,121,10,47,https://www.ikea.com/orders,127,0,0
1789536734232,4450,Ikea - Request 5-2,404,Not Found,Ikea 5-5,text,false,,464472,122,10,47,https://www.ikea.com/orders/,653,0,0
1789536737221,1516,Walmart - Request 5,200,OK,Walmart 4-6,text,true,,17989,437,10,47,https://www.walmart.com/blocked?url=L29yZGVycw==&uuid=fb91a791-b18f-11f1-a108-3d64c656a160&vid=&g=b,791,0,0
1789536737221,791,Walmart - Request 5-0,301,Moved Permanently,Walmart 4-6,,true,,688,120,10,47,https://walmart.com/orders,791,0,0
1789536738012,568,Walmart - Request 5-1,307,Temporary Redirect,Walmart 4-6,text,true,,1360,124,10,47,https://www.walmart.com/orders,568,0,0
1789536738580,157,Walmart - Request 5-2,200,OK,Walmart 4-6,text,true,,15941,193,10,47,https://www.walmart.com/blocked?url=L29yZGVycw==&uuid=fb91a791-b18f-11f1-a108-3d64c656a160&vid=&g=b,157,0,0
1789536738481,276,Swiggy - Request 3,404,Not Found,Swiggy 3-6,text,false,,4655,254,7,47,https://www.swiggy.com:443/restaurant,116,0,0
1789536738481,116,Swiggy - Request 3-0,301,Moved Permanently,Swiggy 3-6,text,true,,344,123,7,47,https://swiggy.com/restaurant,116,0,0
1789536738597,160,Swiggy - Request 3-1,404,Not Found,Swiggy 3-6,text,false,,4311,131,7,47,https://www.swiggy.com:443/restaurant,160,0,0
1789536738574,238,Swiggy - Request 5,404,Not Found,Swiggy 3-10,text,false,,4651,246,7,47,https://www.swiggy.com:443/orders,154,0,0
1789536738574,154,Swiggy - Request 5-0,301,Moved Permanently,Swiggy 3-10,text,true,,340,119,7,47,https://swiggy.com/orders,154,0,0
1789536738728,84,Swiggy - Request 5-1,404,Not Found,Swiggy 3-10,text,false,,4311,127,7,47,https://www.swiggy.com:443/orders,84,0,0
1789536736644,2168,Swiggy - Request 4,200,OK,Swiggy 3-7,text,true,,88943,371,7,47,https://www.swiggy.com:443/checkout,1059,0,0
1789536736644,1059,Swiggy - Request 4-0,301,Moved Permanently,Swiggy 3-7,text,true,,338,117,7,47,https://swiggy.com/cart,1059,0,0
1789536737703,623,Swiggy - Request 4-1,302,Found,Swiggy 3-7,text,true,,777,125,7,47,https://www.swiggy.com:443/cart,623,0,0
1789536738326,486,Swiggy - Request 4-2,200,OK,Swiggy 3-7,text,true,,87828,129,7,47,https://www.swiggy.com:443/checkout,367,0,0
1789536737769,1137,Swiggy - Request 3,404,Not Found,Swiggy 3-5,text,false,,4655,254,7,47,https://www.swiggy.com:443/restaurant,1068,0,0
1789536737769,1068,Swiggy - Request 3-0,301,Moved Permanently,Swiggy 3-5,text,true,,344,123,7,47,https://swiggy.com/restaurant,1068,0,0
1789536738837,69,Swiggy - Request 3-1,404,Not Found,Swiggy 3-5,text,false,,4311,131,7,47,https://www.swiggy.com:443/restaurant,69,0,0
1789536738326,603,Swiggy - Request 2,200,OK,Swiggy 3-8,text,true,,85794,246,7,47,https://www.swiggy.com:443/search,268,0,0
1789536738326,268,Swiggy - Request 2-0,301,Moved Permanently,Swiggy 3-8,text,true,,340,119,7,47,https://swiggy.com/search,268,0,0
1789536738594,335,Swiggy - Request 2-1,200,OK,Swiggy 3-8,text,true,,85454,127,7,47,https://www.swiggy.com:443/search,207,0,0
1789536738812,150,Swiggy - Request 5,404,Not Found,Swiggy 3-7,text,false,,4651,246,7,47,https://www.swiggy.com:443/orders,87,0,0
1789536738812,87,Swiggy - Request 5-0,301,Moved Permanently,Swiggy 3-7,text,true,,340,119,7,47,https://swiggy.com/orders,87,0,0
1789536738899,63,Swiggy - Request 5-1,404,Not Found,Swiggy 3-7,text,false,,4311,127,7,47,https://www.swiggy.com:443/orders,63,0,0
1789536738574,406,Swiggy - Request 2,200,OK,Swiggy 3-9,text,true,,85811,246,7,47,https://www.swiggy.com:443/search,154,0,0
1789536738574,154,Swiggy - Request 2-0,301,Moved Permanently,Swiggy 3-9,text,true,,340,119,7,47,https://swiggy.com/search,154,0,0
1789536738728,252,Swiggy - Request 2-1,200,OK,Swiggy 3-9,text,true,,85471,127,7,47,https://www.swiggy.com:443/search,150,0,0
1789536736788,2308,Walmart - Request 4,200,OK,Walmart 4-4,text,true,,351865,350,10,47,https://www.walmart.com/,981,0,0
1789536736788,981,Walmart - Request 4-0,302,Moved Temporarily,Walmart 4-4,,true,,790,118,10,47,https://walmart.com/cart,981,0,0
1789536737769,559,Walmart - Request 4-1,301,Moved Permanently,Walmart 4-4,,true,,798,114,10,47,https://walmart.com/,559,0,0
1789536738328,768,Walmart - Request 4-2,200,OK,Walmart 4-4,text,true,,350277,118,10,47,https://www.walmart.com/,296,0,0
1789536738813,319,Swiggy - Request 1,200,OK,Swiggy 3-10,text,true,,90701,242,7,47,https://www.swiggy.com:443/home,86,0,0
1789536738813,86,Swiggy - Request 1-0,301,Moved Permanently,Swiggy 3-10,text,true,,338,117,7,47,https://swiggy.com/home,86,0,0
1789536738899,233,Swiggy - Request 1-1,200,OK,Swiggy 3-10,text,true,,90363,125,7,47,https://www.swiggy.com:443/home,183,0,0
1789536736786,2376,Walmart - Request 1,200,OK,Walmart 4-1,text,true,,17987,429,10,47,https://www.walmart.com/blocked?url=L2hvbWU=&uuid=fbdf6363-b18f-11f1-b3ef-106448e9f728&vid=&g=b,982,0,0
1789536736786,982,Walmart - Request 1-0,301,Moved Permanently,Walmart 4-1,,true,,686,118,10,47,https://walmart.com/home,982,0,0
1789536737768,1329,Walmart - Request 1-1,307,Temporary Redirect,Walmart 4-1,text,true,,1358,122,10,47,https://www.walmart.com/home,1329,0,0
1789536739097,65,Walmart - Request 1-2,200,OK,Walmart 4-1,text,true,,15943,189,10,47,https://www.walmart.com/blocked?url=L2hvbWU=&uuid=fbdf6363-b18f-11f1-b3ef-106448e9f728&vid=&g=b,65,0,0
1789536738930,239,Swiggy - Request 3,404,Not Found,Swiggy 3-8,text,false,,4655,254,7,47,https://www.swiggy.com:443/restaurant,162,0,0
1789536738930,162,Swiggy - Request 3-0,301,Moved Permanently,Swiggy 3-8,text,true,,344,123,7,47,https://swiggy.com/restaurant,162,0,0
1789536739093,76,Swiggy - Request 3-1,404,Not Found,Swiggy 3-8,text,false,,4311,131,7,47,https://www.swiggy.com:443/restaurant,76,0,0
1789536738011,1173,Walmart - Request 5,200,OK,Walmart 4-5,text,true,,17990,437,10,47,https://www.walmart.com/blocked?url=L29yZGVycw==&uuid=fbc5a5fe-b18f-11f1-b3a7-106448e9f728&vid=&g=b,317,0,0
1789536738011,317,Walmart - Request 5-0,301,Moved Permanently,Walmart 4-5,,true,,687,120,10,47,https://walmart.com/orders,317,0,0
1789536738328,653,Walmart - Request 5-1,307,Temporary Redirect,Walmart 4-5,text,true,,1362,124,10,47,https://www.walmart.com/orders,653,0,0
1789536738981,203,Walmart - Request 5-2,200,OK,Walmart 4-5,text,true,,15941,193,10,47,https://www.walmart.com/blocked?url=L29yZGVycw==&uuid=fbc5a5fe-b18f-11f1-b3a7-106448e9f728&vid=&g=b,203,0,0
1789536738332,874,Walmart - Request 2,200,OK,Walmart 4-2,text,true,,18213,437,10,47,https://www.walmart.com/blocked?url=L3NlYXJjaA==&uuid=fbd6235e-b18f-11f1-8049-51aaef80a038&vid=&g=b,242,0,0
1789536738332,242,Walmart - Request 2-0,301,Moved Permanently,Walmart 4-2,,true,,801,120,10,47,https://walmart.com/search,242,0,0
1789536738574,523,Walmart - Request 2-1,307,Temporary Redirect,Walmart 4-2,text,true,,1471,124,10,47,https://www.walmart.com/search,523,0,0
1789536739097,109,Walmart - Request 2-2,200,OK,Walmart 4-2,text,true,,15941,193,10,47,https://www.walmart.com/blocked?url=L3NlYXJjaA==&uuid=fbd6235e-b18f-11f1-8049-51aaef80a038&vid=&g=b,109,0,0
1789536738981,270,Swiggy - Request 3,404,Not Found,Swiggy 3-9,text,false,,4655,254,7,47,https://www.swiggy.com:443/restaurant,181,0,0
1789536738981,181,Swiggy - Request 3-0,301,Moved Permanently,Swiggy 3-9,text,true,,344,123,7,47,https://swiggy.com/restaurant,181,0,0
1789536739163,88,Swiggy - Request 3-1,404,Not Found,Swiggy 3-9,text,false,,4311,131,7,47,https://www.swiggy.com:443/restaurant,88,0,0
1789536738757,539,Swiggy - Request 4,200,OK,Swiggy 3-6,text,true,,88963,371,7,47,https://www.swiggy.com:443/checkout,80,0,0
1789536738757,80,Swiggy - Request 4-0,301,Moved Permanently,Swiggy 3-6,text,true,,338,117,7,47,https://swiggy.com/cart,80,0,0
1789536738837,127,Swiggy - Request 4-1,302,Found,Swiggy 3-6,text,true,,777,125,7,47,https://www.swiggy.com:443/cart,127,0,0
1789536738964,332,Swiggy - Request 4-2,200,OK,Swiggy 3-6,text,true,,87848,129,7,47,https://www.swiggy.com:443/checkout,264,0,0
1789536736789,2613,Walmart - Request 4,200,OK,Walmart 4-9,text,true,,351737,350,10,47,https://www.walmart.com/,980,0,0
1789536736789,980,Walmart - Request 4-0,302,Moved Temporarily,Walmart 4-9,,true,,792,118,10,47,https://walmart.com/cart,980,0,0
1789536737769,971,Walmart - Request 4-1,301,Moved Permanently,Walmart 4-9,,true,,800,114,10,47,https://walmart.com/,971,0,0
1789536738740,662,Walmart - Request 4-2,200,OK,Walmart 4-9,text,true,,350145,118,10,47,https://www.walmart.com/,113,0,0
1789536736791,2613,Walmart - Request 4,200,OK,Walmart 4-10,text,true,,351732,350,10,47,https://www.walmart.com/,978,0,0
1789536736791,978,Walmart - Request 4-0,302,Moved Temporarily,Walmart 4-10,,true,,790,118,10,47,https://walmart.com/cart,978,0,0
1789536737769,805,Walmart - Request 4-1,301,Moved Permanently,Walmart 4-10,,true,,798,114,10,47,https://walmart.com/,805,0,0
1789536738574,830,Walmart - Request 4-2,200,OK,Walmart 4-10,text,true,,350144,118,10,47,https://www.walmart.com/,212,0,0
1789536738738,697,Walmart - Request 1,200,OK,Walmart 4-6,text,true,,17985,429,10,47,https://www.walmart.com/blocked?url=L2hvbWU=&uuid=fbeacf98-b18f-11f1-9dd9-ba9dcd83641d&vid=&g=b,38,0,0
1789536738738,38,Walmart - Request 1-0,301,Moved Permanently,Walmart 4-6,,true,,688,118,10,47,https://walmart.com/home,38,0,0
1789536738776,400,Walmart - Request 1-1,307,Temporary Redirect,Walmart 4-6,text,true,,1356,122,10,47,https://www.walmart.com/home,400,0,0
1789536739176,259,Walmart - Request 1-2,200,OK,Walmart 4-6,text,true,,15941,189,10,47,https://www.walmart.com/blocked?url=L2hvbWU=&uuid=fbeacf98-b18f-11f1-9dd9-ba9dcd83641d&vid=&g=b,259,0,0
1789536736791,2648,Walmart - Request 4,200,OK,Walmart 4-8,text,true,,351732,350,10,47,https://www.walmart.com/,978,0,0
1789536736791,978,Walmart - Request 4-0,302,Moved Temporarily,Walmart 4-8,,true,,790,118,10,47,https://walmart.com/cart,978,0,0
1789536737769,859,Walmart - Request 4-1,301,Moved Permanently,Walmart 4-8,,true,,798,114,10,47,https://walmart.com/,859,0,0
1789536738629,810,Walmart - Request 4-2,200,OK,Walmart 4-8,text,true,,350144,118,10,47,https://www.walmart.com/,223,0,0
1789536739132,600,Swiggy - Request 2,200,OK,Swiggy 3-10,text,true,,85820,246,7,47,https://www.swiggy.com:443/search,60,0,0
1789536739132,60,Swiggy - Request 2-0,301,Moved Permanently,Swiggy 3-10,text,true,,340,119,7,47,https://swiggy.com/search,60,0,0
1789536739192,540,Swiggy - Request 2-1,200,OK,Swiggy 3-10,text,true,,85480,127,7,47,https://www.swiggy.com:443/search,148,0,0
1789536738963,769,Swiggy - Request 1,200,OK,Swiggy 3-7,text,true,,90716,242,7,47,https://www.swiggy.com:443/home,199,0,0
1789536738963,199,Swiggy - Request 1-0,301,Moved Permanently,Swiggy 3-7,text,true,,338,117,7,47,https://swiggy.com/home,199,0,0
1789536739163,569,Swiggy - Request 1-1,200,OK,Swiggy 3-7,text,true,,90378,125,7,47,https://www.swiggy.com:443/home,177,0,0
1789536739296,437,Swiggy - Request 5,404,Not Found,Swiggy 3-6,text,false,,4651,246,7,47,https://www.swiggy.com:443/orders,142,0,0
1789536739296,142,Swiggy - Request 5-0,301,Moved Permanently,Swiggy 3-6,text,true,,340,119,7,47,https://swiggy.com/orders,142,0,0
1789536739438,295,Swiggy - Request 5-1,404,Not Found,Swiggy 3-6,text,false,,4311,127,7,47,https://www.swiggy.com:443/orders,295,0,0
1789536738230,1504,Swiggy - Request 5,404,Not Found,Swiggy 3-4,text,false,,4651,246,6,46,https://www.swiggy.com:443/orders,1208,0,0
1789536738230,1208,Swiggy - Request 5-0,301,Moved Permanently,Swiggy 3-4,text,true,,340,119,6,46,https://swiggy.com/orders,1208,0,0
1789536739438,296,Swiggy - Request 5-1,404,Not Found,Swiggy 3-4,text,false,,4311,127,6,46,https://www.swiggy.com:443/orders,296,0,0
1789536736578,3270,Ikea - Request 1,404,Not Found,Ikea 5-6,text,false,,465598,354,10,45,https://www.ikea.com/home/,792,0,0
1789536736578,792,Ikea - Request 1-0,301,Moved Permanently,Ikea 5-6,text,true,,428,115,10,45,https://ikea.com/home,792,0,0
1789536737371,618,Ikea - Request 1-1,301,Moved Permanently,Ikea 5-6,,true,,697,119,10,45,https://www.ikea.com/home,618,0,0
1789536737989,1859,Ikea - Request 1-2,404,Not Found,Ikea 5-6,text,false,,464473,120,10,45,https://www.ikea.com/home/,829,0,0
1789536738906,947,Swiggy - Request 4,200,OK,Swiggy 3-5,text,true,,88950,371,5,45,https://www.swiggy.com:443/checkout,79,0,0
1789536738906,79,Swiggy - Request 4-0,301,Moved Permanently,Swiggy 3-5,text,true,,338,117,5,45,https://swiggy.com/cart,79,0,0
1789536738985,331,Swiggy - Request 4-1,302,Found,Swiggy 3-5,text,true,,777,125,5,45,https://www.swiggy.com:443/cart,331,0,0
1789536739316,537,Swiggy - Request 4-2,200,OK,Swiggy 3-5,text,true,,87835,129,5,45,https://www.swiggy.com:443/checkout,233,0,0
1789536739096,937,Walmart - Request 5,200,OK,Walmart 4-4,text,true,,17990,437,10,45,https://www.walmart.com/blocked?url=L29yZGVycw==&uuid=fc1b5426-b18f-11f1-9385-0c8e6a95b2ce&vid=&g=b,39,0,0
1789536739096,39,Walmart - Request 5-0,301,Moved Permanently,Walmart 4-4,,true,,689,120,10,45,https://walmart.com/orders,39,0,0
1789536739135,404,Walmart - Request 5-1,307,Temporary Redirect,Walmart 4-4,text,true,,1360,124,10,45,https://www.walmart.com/orders,404,0,0
1789536739540,493,Walmart - Request 5-2,200,OK,Walmart 4-4,text,true,,15941,193,10,45,https://www.walmart.com/blocked?url=L29yZGVycw==&uuid=fc1b5426-b18f-11f1-9385-0c8e6a95b2ce&vid=&g=b,492,0,0
1789536738226,2057,Ikea - Request 2,404,Not Found,Ikea 5-1,text,false,,465605,360,10,45,https://www.ikea.com/search/,330,0,0
1789536738226,330,Ikea - Request 2-0,301,Moved Permanently,Ikea 5-1,text,true,,430,117,10,45,https://ikea.com/search,330,0,0
1789536738556,62,Ikea - Request 2-1,301,Moved Permanently,Ikea 5-1,,true,,702,121,10,45,https://www.ikea.com/search,62,0,0
1789536738618,1665,Ikea - Request 2-2,404,Not Found,Ikea 5-1,text,false,,464473,122,10,45,https://www.ikea.com/search/,654,0,0
1789536738316,2032,Ikea - Request 2,404,Not Found,Ikea 5-2,text,false,,465605,360,10,45,https://www.ikea.com/search/,237,0,0
1789536738316,238,Ikea - Request 2-0,301,Moved Permanently,Ikea 5-2,text,true,,430,117,10,45,https://ikea.com/search,237,0,0
1789536738554,64,Ikea - Request 2-1,301,Moved Permanently,Ikea 5-2,,true,,702,121,10,45,https://www.ikea.com/search,64,0,0
1789536738618,1730,Ikea - Request 2-2,404,Not Found,Ikea 5-2,text,false,,464473,122,10,45,https://www.ikea.com/search/,688,0,0
1789536738253,2125,Ikea - Request 2,404,Not Found,Ikea 5-3,text,false,,465604,360,10,45,https://www.ikea.com/search/,300,0,0
1789536738253,301,Ikea - Request 2-0,301,Moved Permanently,Ikea 5-3,text,true,,430,117,10,45,https://ikea.com/search,300,0,0
1789536738554,64,Ikea - Request 2-1,301,Moved Permanently,Ikea 5-3,,true,,701,121,10,45,https://www.ikea.com/search,64,0,0
1789536738618,1760,Ikea - Request 2-2,404,Not Found,Ikea 5-3,text,false,,464473,122,10,45,https://www.ikea.com/search/,671,0,0
1789536739163,1320,Walmart - Request 2,200,OK,Walmart 4-1,text,true,,18215,437,10,45,https://www.walmart.com/blocked?url=L3NlYXJjaA==&uuid=fc280b92-b18f-11f1-a2d8-7d858c237caf&vid=&g=b,65,0,0
1789536739163,65,Walmart - Request 2-0,301,Moved Permanently,Walmart 4-1,,true,,802,120,10,45,https://walmart.com/search,65,0,0
1789536739228,753,Walmart - Request 2-1,307,Temporary Redirect,Walmart 4-1,text,true,,1471,124,10,45,https://www.walmart.com/search,753,0,0
1789536739982,502,Walmart - Request 2-2,200,OK,Walmart 4-1,text,true,,15942,193,10,45,https://www.walmart.com/blocked?url=L3NlYXJjaA==&uuid=fc280b92-b18f-11f1-a2d8-7d858c237caf&vid=&g=b,502,0,0
1789536739184,1321,Walmart - Request 1,200,OK,Walmart 4-5,text,true,,17985,429,10,45,https://www.walmart.com/blocked?url=L2hvbWU=&uuid=fc2a2bb1-b18f-11f1-836e-3ad981200540&vid=&g=b,44,0,0
1789536739184,44,Walmart - Request 1-0,301,Moved Permanently,Walmart 4-5,,true,,687,118,10,45,https://walmart.com/home,44,0,0
1789536739228,753,Walmart - Request 1-1,307,Temporary Redirect,Walmart 4-5,text,true,,1357,122,10,45,https://www.walmart.com/home,753,0,0
1789536739982,524,Walmart - Request 1-2,200,OK,Walmart 4-5,text,true,,15941,189,10,45,https://www.walmart.com/blocked?url=L2hvbWU=&uuid=fc2a2bb1-b18f-11f1-836e-3ad981200540&vid=&g=b,524,0,0
1789536739206,1299,Walmart - Request 3,200,OK,Walmart 4-2,text,true,,17994,439,10,45,https://www.walmart.com/blocked?url=L3Byb2R1Y3Q=&uuid=fc40b9fa-b18f-11f1-8096-c10e8bfb7a0e&vid=&g=b,42,0,0
1789536739206,42,Walmart - Request 3-0,301,Moved Permanently,Walmart 4-2,,true,,690,121,10,45,https://walmart.com/product,42,0,0
1789536739248,735,Walmart - Request 3-1,307,Temporary Redirect,Walmart 4-2,text,true,,1362,125,10,45,https://www.walmart.com/product,735,0,0
1789536739984,522,Walmart - Request 3-2,200,OK,Walmart 4-2,text,true,,15942,193,10,45,https://www.walmart.com/blocked?url=L3Byb2R1Y3Q=&uuid=fc40b9fa-b18f-11f1-8096-c10e8bfb7a0e&vid=&g=b,522,0,0
1789536730953,9554,Walmart - Request 4,200,OK,Walmart 4-3,text,true,,351750,350,10,45,https://www.walmart.com/,184,0,0
1789536730953,184,Walmart - Request 4-0,302,Moved Temporarily,Walmart 4-3,,true,,790,118,10,45,https://walmart.com/cart,184,0,0
1789536731137,443,Walmart - Request 4-1,301,Moved Permanently,Walmart 4-3,,true,,797,114,10,45,https://walmart.com/,443,0,0
1789536731580,8927,Walmart - Request 4-2,200,OK,Walmart 4-3,text,true,,350163,118,10,45,https://www.walmart.com/,1251,0,0
1789536739252,1341,Swiggy - Request 4,200,OK,Swiggy 3-9,text,true,,88971,371,5,45,https://www.swiggy.com:443/checkout,186,0,0
1789536739252,186,Swiggy - Request 4-0,301,Moved Permanently,Swiggy 3-9,text,true,,338,117,5,45,https://swiggy.com/cart,186,0,0
1789536739438,297,Swiggy - Request 4-1,302,Found,Swiggy 3-9,text,true,,777,125,5,45,https://www.swiggy.com:443/cart,297,0,0
1789536739735,858,Swiggy - Request 4-2,200,OK,Swiggy 3-9,text,true,,87856,129,5,45,https://www.swiggy.com:443/checkout,324,0,0
1789536739733,861,Swiggy - Request 3,404,Not Found,Swiggy 3-10,text,false,,4655,254,5,45,https://www.swiggy.com:443/restaurant,302,0,0
1789536739733,302,Swiggy - Request 3-0,301,Moved Permanently,Swiggy 3-10,text,true,,344,123,5,45,https://swiggy.com/restaurant,302,0,0
1789536740036,558,Swiggy - Request 3-1,404,Not Found,Swiggy 3-10,text,false,,4311,131,5,45,https://www.swiggy.com:443/restaurant,558,0,0
1789536738133,2541,Ikea - Request 2,404,Not Found,Ikea 5-4,text,false,,465604,360,10,45,https://www.ikea.com/search/,188,0,0
1789536738133,188,Ikea - Request 2-0,301,Moved Permanently,Ikea 5-4,text,true,,430,117,10,45,https://ikea.com/search,188,0,0
1789536738321,238,Ikea - Request 2-1,301,Moved Permanently,Ikea 5-4,,true,,702,121,10,45,https://www.ikea.com/search,238,0,0
1789536738559,2115,Ikea - Request 2-2,404,Not Found,Ikea 5-4,text,false,,464472,122,10,45,https://www.ikea.com/search/,731,0,0
1789536739170,1679,Swiggy - Request 4,200,OK,Swiggy 3-8,text,true,,88958,371,5,45,https://www.swiggy.com:443/checkout,236,0,0
1789536739170,236,Swiggy - Request 4-0,301,Moved Permanently,Swiggy 3-8,text,true,,338,117,5,45,https://swiggy.com/cart,236,0,0
1789536739854,996,Swiggy - Request 5,404,Not Found,Swiggy 3-5,text,false,,4651,246,5,45,https://www.swiggy.com:443/orders,442,0,0
1789536739406,329,Swiggy - Request 4-1,302,Found,Swiggy 3-8,text,true,,777,125,5,45,https://www.swiggy.com:443/cart,329,0,0
1789536739854,442,Swiggy - Request 5-0,301,Moved Permanently,Swiggy 3-5,text,true,,340,119,5,45,https://swiggy.com/orders,442,0,0
1789536739735,1114,Swiggy - Request 4-2,200,OK,Swiggy 3-8,text,true,,87843,129,5,45,https://www.swiggy.com:443/checkout,341,0,0
1789536740296,554,Swiggy - Request 5-1,404,Not Found,Swiggy 3-5,text,false,,4311,127,5,45,https://www.swiggy.com:443/orders,554,0,0
1789536736489,4461,Ikea - Request 5,404,Not Found,Ikea 5-8,text,false,,465605,360,10,44,https://www.ikea.com/orders/,818,0,0
1789536736489,818,Ikea - Request 5-0,301,Moved Permanently,Ikea 5-8,text,true,,430,117,10,44,https://ikea.com/orders,818,0,0
1789536737308,680,Ikea - Request 5-1,301,Moved Permanently,Ikea 5-8,,true,,702,121,10,44,https://www.ikea.com/orders,680,0,0
1789536737989,2961,Ikea - Request 5-2,404,Not Found,Ikea 5-8,text,false,,464473,122,10,44,https://www.ikea.com/orders/,838,0,0
1789536739405,1605,Walmart - Request 5,200,OK,Walmart 4-10,text,true,,17990,437,10,44,https://www.walmart.com/blocked?url=L29yZGVycw==&uuid=fc94ec51-b18f-11f1-9fac-ba9dcd83641d&vid=&g=b,327,0,0
1789536739405,327,Walmart - Request 5-0,301,Moved Permanently,Walmart 4-10,,true,,688,120,10,44,https://walmart.com/orders,327,0,0
1789536739733,595,Walmart - Request 5-1,307,Temporary Redirect,Walmart 4-10,text,true,,1360,124,10,44,https://www.walmart.com/orders,595,0,0
1789536740330,681,Walmart - Request 5-2,200,OK,Walmart 4-10,text,true,,15942,193,10,44,https://www.walmart.com/blocked?url=L29yZGVycw==&uuid=fc94ec51-b18f-11f1-9fac-ba9dcd83641d&vid=&g=b,681,0,0
1789536739402,1611,Walmart - Request 5,200,OK,Walmart 4-9,text,true,,17991,437,10,44,https://www.walmart.com/blocked?url=L29yZGVycw==&uuid=fc9ac47c-b18f-11f1-94e2-0c8e6a95b2ce&vid=&g=b,330,0,0
1789536739402,330,Walmart - Request 5-0,301,Moved Permanently,Walmart 4-9,,true,,689,120,10,44,https://walmart.com/orders,330,0,0
1789536739733,655,Walmart - Request 5-1,307,Temporary Redirect,Walmart 4-9,text,true,,1361,124,10,44,https://www.walmart.com/orders,655,0,0
1789536740389,625,Walmart - Request 5-2,200,OK,Walmart 4-9,text,true,,15941,193,10,44,https://www.walmart.com/blocked?url=L29yZGVycw==&uuid=fc9ac47c-b18f-11f1-94e2-0c8e6a95b2ce&vid=&g=b,625,0,0
1789536739439,1574,Walmart - Request 5,200,OK,Walmart 4-8,text,true,,17991,437,10,44,https://www.walmart.com/blocked?url=L29yZGVycw==&uuid=fc9c7b57-b18f-11f1-bf46-91e6263d9938&vid=&g=b,293,0,0
1789536739439,293,Walmart - Request 5-0,301,Moved Permanently,Walmart 4-8,,true,,688,120,10,44,https://walmart.com/orders,293,0,0
1789536739733,655,Walmart - Request 5-1,307,Temporary Redirect,Walmart 4-8,text,true,,1362,124,10,44,https://www.walmart.com/orders,655,0,0
1789536740389,625,Walmart - Request 5-2,200,OK,Walmart 4-8,text,true,,15941,193,10,44,https://www.walmart.com/blocked?url=L29yZGVycw==&uuid=fc9c7b57-b18f-11f1-bf46-91e6263d9938&vid=&g=b,625,0,0
1789536739435,1579,Walmart - Request 2,200,OK,Walmart 4-6,text,true,,18218,437,10,44,https://www.walmart.com/blocked?url=L3NlYXJjaA==&uuid=fc929b0c-b18f-11f1-89ba-48c26832a24d&vid=&g=b,297,0,0
1789536739435,297,Walmart - Request 2-0,301,Moved Permanently,Walmart 4-6,,true,,805,120,10,44,https://walmart.com/search,297,0,0
1789536739733,562,Walmart - Request 2-1,307,Temporary Redirect,Walmart 4-6,text,true,,1471,124,10,44,https://www.walmart.com/search,562,0,0
1789536740296,719,Walmart - Request 2-2,200,OK,Walmart 4-6,text,true,,15942,193,10,44,https://www.walmart.com/blocked?url=L3NlYXJjaA==&uuid=fc929b0c-b18f-11f1-89ba-48c26832a24d&vid=&g=b,719,0,0
1789536739733,1359,Swiggy - Request 2,200,OK,Swiggy 3-7,text,true,,85764,246,4,44,https://www.swiggy.com:443/search,302,0,0
1789536739733,302,Swiggy - Request 2-0,301,Moved Permanently,Swiggy 3-7,text,true,,340,119,4,44,https://swiggy.com/search,302,0,0
1789536740036,1056,Swiggy - Request 2-1,200,OK,Swiggy 3-7,text,true,,85424,127,4,44,https://www.swiggy.com:443/search,815,0,0
1789536737984,3182,Ikea - Request 5,404,Not Found,Ikea 5-9,text,false,,465605,360,10,44,https://www.ikea.com/orders/,331,0,0
1789536737984,331,Ikea - Request 5-0,301,Moved Permanently,Ikea 5-9,text,true,,430,117,10,44,https://ikea.com/orders,331,0,0
1789536738315,243,Ikea - Request 5-1,301,Moved Permanently,Ikea 5-9,,true,,702,121,10,44,https://www.ikea.com/orders,243,0,0
1789536738558,2608,Ikea - Request 5-2,404,Not Found,Ikea 5-9,text,false,,464473,122,10,44,https://www.ikea.com/orders/,631,0,0
1789536740594,618,Swiggy - Request 5,404,Not Found,Swiggy 3-9,text,false,,4651,246,4,44,https://www.swiggy.com:443/orders,421,0,0
1789536740594,421,Swiggy - Request 5-0,301,Moved Permanently,Swiggy 3-9,text,true,,340,119,4,44,https://swiggy.com/orders,421,0,0
1789536741015,197,Swiggy - Request 5-1,404,Not Found,Swiggy 3-9,text,false,,4311,127,4,44,https://www.swiggy.com:443/orders,197,0,0
1789536738681,2532,Ikea - Request 1,404,Not Found,Ikea 5-5,text,false,,465598,354,10,44,https://www.ikea.com/home/,68,0,0
1789536738681,68,Ikea - Request 1-0,301,Moved Permanently,Ikea 5-5,text,true,,428,115,10,44,https://ikea.com/home,68,0,0
1789536738749,15,Ikea - Request 1-1,301,Moved Permanently,Ikea 5-5,,true,,698,119,10,44,https://www.ikea.com/home,15,0,0
1789536738764,2449,Ikea - Request 1-2,404,Not Found,Ikea 5-5,text,false,,464472,120,10,44,https://www.ikea.com/home/,572,0,0
1789536740851,364,Swiggy - Request 5,404,Not Found,Swiggy 3-8,text,false,,4651,246,4,44,https://www.swiggy.com:443/orders,165,0,0
1789536740851,165,Swiggy - Request 5-0,301,Moved Permanently,Swiggy 3-8,text,true,,340,119,4,44,https://swiggy.com/orders,165,0,0
1789536741016,199,Swiggy - Request 5-1,404,Not Found,Swiggy 3-8,text,false,,4311,127,4,44,https://www.swiggy.com:443/orders,199,0,0
1789536740034,1183,Walmart - Request 1,200,OK,Walmart 4-4,text,true,,17985,429,10,44,https://www.walmart.com/blocked?url=L2hvbWU=&uuid=fd00d3d5-b18f-11f1-8ed8-d9bae871222c&vid=&g=b,542,0,0
1789536740034,542,Walmart - Request 1-0,301,Moved Permanently,Walmart 4-4,,true,,686,118,10,44,https://walmart.com/home,542,0,0
1789536740576,440,Walmart - Request 1-1,307,Temporary Redirect,Walmart 4-4,text,true,,1357,122,10,44,https://www.walmart.com/home,440,0,0
1789536741016,201,Walmart - Request 1-2,200,OK,Walmart 4-4,text,true,,15942,189,10,44,https://www.walmart.com/blocked?url=L2hvbWU=&uuid=fd00d3d5-b18f-11f1-8ed8-d9bae871222c&vid=&g=b,201,0,0
1789536738617,2696,Ikea - Request 1,404,Not Found,Ikea 5-7,text,false,,465599,354,10,44,https://www.ikea.com/home/,90,0,0
1789536738617,90,Ikea - Request 1-0,301,Moved Permanently,Ikea 5-7,text,true,,428,115,10,44,https://ikea.com/home,90,0,0
1789536738707,50,Ikea - Request 1-1,301,Moved Permanently,Ikea 5-7,,true,,698,119,10,44,https://www.ikea.com/home,50,0,0
1789536738757,2556,Ikea - Request 1-2,404,Not Found,Ikea 5-7,text,false,,464473,120,10,44,https://www.ikea.com/home/,580,0,0
1789536741093,259,Swiggy - Request 3,404,Not Found,Swiggy 3-7,text,false,,4655,254,4,44,https://www.swiggy.com:443/restaurant,123,0,0
1789536741093,123,Swiggy - Request 3-0,301,Moved Permanently,Swiggy 3-7,text,true,,344,123,4,44,https://swiggy.com/restaurant,123,0,0
1789536741217,135,Swiggy - Request 3-1,404,Not Found,Swiggy 3-7,text,false,,4311,131,4,44,https://www.swiggy.com:443/restaurant,135,0,0
1789536740484,870,Walmart - Request 3,200,OK,Walmart 4-1,text,true,,17992,439,10,44,https://www.walmart.com/blocked?url=L3Byb2R1Y3Q=&uuid=fd257338-b18f-11f1-8ce8-b7d9e2895ac5&vid=&g=b,366,0,0
1789536740484,366,Walmart - Request 3-0,301,Moved Permanently,Walmart 4-1,,true,,689,121,10,44,https://walmart.com/product,366,0,0
1789536740850,449,Walmart - Request 3-1,307,Temporary Redirect,Walmart 4-1,text,true,,1361,125,10,44,https://www.walmart.com/product,449,0,0
1789536741300,54,Walmart - Request 3-2,200,OK,Walmart 4-1,text,true,,15942,193,10,44,https://www.walmart.com/blocked?url=L3Byb2R1Y3Q=&uuid=fd257338-b18f-11f1-8ce8-b7d9e2895ac5&vid=&g=b,54,0,0
1789536740506,864,Walmart - Request 2,200,OK,Walmart 4-5,text,true,,18213,437,10,44,https://www.walmart.com/blocked?url=L3NlYXJjaA==&uuid=fd210926-b18f-11f1-8cd9-b7d9e2895ac5&vid=&g=b,344,0,0
1789536740506,344,Walmart - Request 2-0,301,Moved Permanently,Walmart 4-5,,true,,801,120,10,44,https://walmart.com/search,344,0,0
1789536740851,372,Walmart - Request 2-1,307,Temporary Redirect,Walmart 4-5,text,true,,1471,124,10,44,https://www.walmart.com/search,372,0,0
1789536741223,147,Walmart - Request 2-2,200,OK,Walmart 4-5,text,true,,15941,193,10,44,https://www.walmart.com/blocked?url=L3NlYXJjaA==&uuid=fd210926-b18f-11f1-8cd9-b7d9e2895ac5&vid=&g=b,147,0,0
1789536741212,262,Swiggy - Request 1,200,OK,Swiggy 3-9,text,true,,90701,242,4,44,https://www.swiggy.com:443/home,68,0,0
1789536741212,68,Swiggy - Request 1-0,301,Moved Permanently,Swiggy 3-9,text,true,,338,117,4,44,https://swiggy.com/home,68,0,0
1789536741280,194,Swiggy - Request 1-1,200,OK,Swiggy 3-9,text,true,,90363,125,4,44,https://www.swiggy.com:443/home,148,0,0
1789536740595,958,Swiggy - Request 4,200,OK,Swiggy 3-10,text,true,,88957,371,4,44,https://www.swiggy.com:443/checkout,420,0,0
1789536740595,420,Swiggy - Request 4-0,301,Moved Permanently,Swiggy 3-10,text,true,,338,117,4,44,https://swiggy.com/cart,420,0,0
1789536741015,267,Swiggy - Request 4-1,302,Found,Swiggy 3-10,text,true,,778,125,4,44,https://www.swiggy.com:443/cart,267,0,0
1789536741282,271,Swiggy - Request 4-2,200,OK,Swiggy 3-10,text,true,,87841,129,4,44,https://www.swiggy.com:443/checkout,186,0,0
1789536740507,1105,Walmart - Request 5,200,OK,Walmart 4-3,text,true,,18062,437,10,44,https://www.walmart.com/blocked?url=L29yZGVycw==&uuid=fd287624-b18f-11f1-a192-ce9819c18b67&vid=&g=b,343,0,0
1789536740507,343,Walmart - Request 5-0,301,Moved Permanently,Walmart 4-3,,true,,688,120,10,44,https://walmart.com/orders,343,0,0
1789536740850,514,Walmart - Request 5-1,307,Temporary Redirect,Walmart 4-3,text,true,,1432,124,10,44,https://www.walmart.com/orders,514,0,0
1789536741364,248,Walmart - Request 5-2,200,OK,Walmart 4-3,text,true,,15942,193,10,44,https://www.walmart.com/blocked?url=L29yZGVycw==&uuid=fd287624-b18f-11f1-a192-ce9819c18b67&vid=&g=b,248,0,0
1789536741354,277,Walmart - Request 4,200,OK,Walmart 4-1,text,true,,351865,350,10,44,https://www.walmart.com/,28,0,0
1789536741354,28,Walmart - Request 4-0,302,Moved Temporarily,Walmart 4-1,,true,,791,118,10,44,https://walmart.com/cart,28,0,0
1789536741382,62,Walmart - Request 4-1,301,Moved Permanently,Walmart 4-1,,true,,798,114,10,44,https://walmart.com/,62,0,0
1789536741445,186,Walmart - Request 4-2,200,OK,Walmart 4-1,text,true,,350276,118,10,44,https://www.walmart.com/,71,0,0
1789536741012,650,Walmart - Request 1,200,OK,Walmart 4-10,text,true,,17983,429,10,44,https://www.walmart.com/blocked?url=L2hvbWU=&uuid=fd551242-b18f-11f1-8b9c-ff5dec6370e5&vid=&g=b,181,0,0
1789536741012,181,Walmart - Request 1-0,301,Moved Permanently,Walmart 4-10,,true,,686,118,10,44,https://walmart.com/home,181,0,0
1789536741194,377,Walmart - Request 1-1,307,Temporary Redirect,Walmart 4-10,text,true,,1356,122,10,44,https://www.walmart.com/home,377,0,0
1789536741571,91,Walmart - Request 1-2,200,OK,Walmart 4-10,text,true,,15941,189,10,44,https://www.walmart.com/blocked?url=L2hvbWU=&uuid=fd551242-b18f-11f1-8b9c-ff5dec6370e5&vid=&g=b,91,0,0
1789536741015,648,Walmart - Request 1,200,OK,Walmart 4-8,text,true,,17985,429,10,44,https://www.walmart.com/blocked?url=L2hvbWU=&uuid=fd58620c-b18f-11f1-9852-90ec8f16e2ca&vid=&g=b,170,0,0
1789536741015,170,Walmart - Request 1-0,301,Moved Permanently,Walmart 4-8,,true,,686,118,10,44,https://walmart.com/home,170,0,0
1789536741185,426,Walmart - Request 1-1,307,Temporary Redirect,Walmart 4-8,text,true,,1358,122,10,44,https://www.walmart.com/home,426,0,0
1789536741611,52,Walmart - Request 1-2,200,OK,Walmart 4-8,text,true,,15941,189,10,44,https://www.walmart.com/blocked?url=L2hvbWU=&uuid=fd58620c-b18f-11f1-9852-90ec8f16e2ca&vid=&g=b,52,0,0
1789536738580,3082,Ikea - Request 5,404,Not Found,Ikea 5-10,text,false,,465605,360,10,44,https://www.ikea.com/orders/,99,0,0
1789536738580,100,Ikea - Request 5-0,301,Moved Permanently,Ikea 5-10,text,true,,430,117,10,44,https://ikea.com/orders,99,0,0
1789536738680,77,Ikea - Request 5-1,301,Moved Permanently,Ikea 5-10,,true,,702,121,10,44,https://www.ikea.com/orders,77,0,0
1789536738757,2905,Ikea - Request 5-2,404,Not Found,Ikea 5-10,text,false,,464473,122,10,44,https://www.ikea.com/orders/,635,0,0
1789536741014,665,Walmart - Request 1,200,OK,Walmart 4-9,text,true,,17985,429,10,44,https://www.walmart.com/blocked?url=L2hvbWU=&uuid=fd553636-b18f-11f1-bd82-b3206f6d166a&vid=&g=b,171,0,0
1789536741014,171,Walmart - Request 1-0,301,Moved Permanently,Walmart 4-9,,true,,686,118,10,44,https://walmart.com/home,171,0,0
1789536741185,388,Walmart - Request 1-1,307,Temporary Redirect,Walmart 4-9,text,true,,1357,122,10,44,https://www.walmart.com/home,388,0,0
1789536741573,106,Walmart - Request 1-2,200,OK,Walmart 4-9,text,true,,15942,189,10,44,https://www.walmart.com/blocked?url=L2hvbWU=&uuid=fd553636-b18f-11f1-bd82-b3206f6d166a&vid=&g=b,106,0,0
1789536741215,464,Swiggy - Request 1,200,OK,Swiggy 3-8,text,true,,90725,242,4,44,https://www.swiggy.com:443/home,130,0,0
1789536741215,130,Swiggy - Request 1-0,301,Moved Permanently,Swiggy 3-8,text,true,,338,117,4,44,https://swiggy.com/home,130,0,0
1789536741346,333,Swiggy - Request 1-1,200,OK,Swiggy 3-8,text,true,,90387,125,4,44,https://www.swiggy.com:443/home,207,0,0
1789536741015,699,Walmart - Request 3,200,OK,Walmart 4-6,text,true,,17992,439,10,44,https://www.walmart.com/blocked?url=L3Byb2R1Y3Q=&uuid=fd605739-b18f-11f1-a5e3-3d64c656a160&vid=&g=b,170,0,0
1789536741015,170,Walmart - Request 3-0,301,Moved Permanently,Walmart 4-6,,true,,689,121,10,44,https://walmart.com/product,170,0,0
1789536741185,433,Walmart - Request 3-1,307,Temporary Redirect,Walmart 4-6,text,true,,1361,125,10,44,https://www.walmart.com/product,433,0,0
1789536741619,95,Walmart - Request 3-2,200,OK,Walmart 4-6,text,true,,15942,193,10,44,https://www.walmart.com/blocked?url=L3Byb2R1Y3Q=&uuid=fd605739-b18f-11f1-a5e3-3d64c656a160&vid=&g=b,95,0,0
1789536741554,176,Swiggy - Request 5,404,Not Found,Swiggy 3-10,text,false,,4651,246,4,44,https://www.swiggy.com:443/orders,90,0,0
1789536741554,90,Swiggy - Request 5-0,301,Moved Permanently,Swiggy 3-10,text,true,,340,119,4,44,https://swiggy.com/orders,90,0,0
1789536741644,86,Swiggy - Request 5-1,404,Not Found,Swiggy 3-10,text,false,,4311,127,4,44,https://www.swiggy.com:443/orders,86,0,0
1789536741474,285,Swiggy - Request 2,200,OK,Swiggy 3-9,text,true,,85781,246,4,44,https://www.swiggy.com:443/search,87,0,0
1789536741474,87,Swiggy - Request 2-0,301,Moved Permanently,Swiggy 3-9,text,true,,340,119,4,44,https://swiggy.com/search,87,0,0
1789536741561,198,Swiggy - Request 2-1,200,OK,Swiggy 3-9,text,true,,85441,127,4,44,https://www.swiggy.com:443/search,168,0,0
1789536741217,548,Walmart - Request 2,200,OK,Walmart 4-4,text,true,,18219,437,10,44,https://www.walmart.com/blocked?url=L3NlYXJjaA==&uuid=fd66f928-b18f-11f1-8d8e-b7d9e2895ac5&vid=&g=b,103,0,0
1789536741217,103,Walmart - Request 2-0,301,Moved Permanently,Walmart 4-4,,true,,805,120,10,44,https://walmart.com/search,103,0,0
1789536741320,368,Walmart - Request 2-1,307,Temporary Redirect,Walmart 4-4,text,true,,1472,124,10,44,https://www.walmart.com/search,368,0,0
1789536741688,77,Walmart - Request 2-2,200,OK,Walmart 4-4,text,true,,15942,193,10,44,https://www.walmart.com/blocked?url=L3NlYXJjaA==&uuid=fd66f928-b18f-11f1-8d8e-b7d9e2895ac5&vid=&g=b,77,0,0
1789536741353,448,Swiggy - Request 4,200,OK,Swiggy 3-7,text,true,,88949,371,4,44,https://www.swiggy.com:443/checkout,53,0,0
1789536741353,53,Swiggy - Request 4-0,301,Moved Permanently,Swiggy 3-7,text,true,,338,117,4,44,https://swiggy.com/cart,53,0,0
1789536741406,147,Swiggy - Request 4-1,302,Found,Swiggy 3-7,text,true,,777,125,4,44,https://www.swiggy.com:443/cart,147,0,0
1789536741553,248,Swiggy - Request 4-2,200,OK,Swiggy 3-7,text,true,,87834,129,4,44,https://www.swiggy.com:443/checkout,177,0,0
1789536741759,170,Swiggy - Request 3,404,Not Found,Swiggy 3-9,text,false,,4655,254,4,44,https://www.swiggy.com:443/restaurant,103,0,0
1789536741759,103,Swiggy - Request 3-0,301,Moved Permanently,Swiggy 3-9,text,true,,344,123,4,44,https://swiggy.com/restaurant,103,0,0
1789536741862,67,Swiggy - Request 3-1,404,Not Found,Swiggy 3-9,text,false,,4311,131,4,44,https://www.swiggy.com:443/restaurant,67,0,0
1789536741801,129,Swiggy - Request 5,404,Not Found,Swiggy 3-7,text,false,,4651,246,4,44,https://www.swiggy.com:443/orders,61,0,0
1789536741801,61,Swiggy - Request 5-0,301,Moved Permanently,Swiggy 3-7,text,true,,340,119,4,44,https://swiggy.com/orders,61,0,0
1789536741862,68,Swiggy - Request 5-1,404,Not Found,Swiggy 3-7,text,false,,4311,127,4,44,https://www.swiggy.com:443/orders,68,0,0
1789536741370,594,Walmart - Request 3,200,OK,Walmart 4-5,text,true,,17992,439,10,43,https://www.walmart.com/blocked?url=L3Byb2R1Y3Q=&uuid=fd8259ad-b18f-11f1-9748-0c8e6a95b2ce&vid=&g=b,58,0,0
1789536741370,58,Walmart - Request 3-0,301,Moved Permanently,Walmart 4-5,,true,,689,121,10,43,https://walmart.com/product,58,0,0
1789536741428,434,Walmart - Request 3-1,307,Temporary Redirect,Walmart 4-5,text,true,,1362,125,10,43,https://www.walmart.com/product,434,0,0
1789536741862,102,Walmart - Request 3-2,200,OK,Walmart 4-5,text,true,,15941,193,10,43,https://www.walmart.com/blocked?url=L3Byb2R1Y3Q=&uuid=fd8259ad-b18f-11f1-9748-0c8e6a95b2ce&vid=&g=b,102,0,0
1789536741730,252,Swiggy - Request 1,200,OK,Swiggy 3-10,text,true,,90701,242,3,43,https://www.swiggy.com:443/home,60,0,0
1789536741730,60,Swiggy - Request 1-0,301,Moved Permanently,Swiggy 3-10,text,true,,338,117,3,43,https://swiggy.com/home,60,0,0
1789536741790,192,Swiggy - Request 1-1,200,OK,Swiggy 3-10,text,true,,90363,125,3,43,https://www.swiggy.com:443/home,141,0,0
1789536741679,408,Swiggy - Request 2,200,OK,Swiggy 3-8,text,true,,85848,246,3,43,https://www.swiggy.com:443/search,85,0,0
1789536741679,85,Swiggy - Request 2-0,301,Moved Permanently,Swiggy 3-8,text,true,,340,119,3,43,https://swiggy.com/search,85,0,0
1789536741764,323,Swiggy - Request 2-1,200,OK,Swiggy 3-8,text,true,,85508,127,3,43,https://www.swiggy.com:443/search,172,0,0
1789536739849,2340,Ikea - Request 2,404,Not Found,Ikea 5-6,text,false,,465604,360,10,43,https://www.ikea.com/search/,445,0,0
1789536739849,445,Ikea - Request 2-0,301,Moved Permanently,Ikea 5-6,text,true,,430,117,10,43,https://ikea.com/search,445,0,0
1789536740294,383,Ikea - Request 2-1,301,Moved Permanently,Ikea 5-6,,true,,701,121,10,43,https://www.ikea.com/search,383,0,0
1789536740677,1512,Ikea - Request 2-2,404,Not Found,Ikea 5-6,text,false,,464473,122,10,43,https://www.ikea.com/search/,586,0,0
1789536731489,10716,Walmart - Request 4,200,OK,Walmart 4-7,text,true,,351736,350,10,43,https://www.walmart.com/,92,0,0
1789536731489,92,Walmart - Request 4-0,302,Moved Temporarily,Walmart 4-7,,true,,792,118,10,43,https://walmart.com/cart,92,0,0
1789536731582,66,Walmart - Request 4-1,301,Moved Permanently,Walmart 4-7,,true,,801,114,10,43,https://walmart.com/,66,0,0
1789536731648,10557,Walmart - Request 4-2,200,OK,Walmart 4-7,text,true,,350143,118,10,43,https://www.walmart.com/,1260,0,0
1789536741662,548,Walmart - Request 2,200,OK,Walmart 4-10,text,true,,18216,437,10,43,https://www.walmart.com/blocked?url=L3NlYXJjaA==&uuid=fda2e8f0-b18f-11f1-a279-ba9dcd83641d&vid=&g=b,36,0,0
1789536741662,36,Walmart - Request 2-0,301,Moved Permanently,Walmart 4-10,,true,,804,120,10,43,https://walmart.com/search,36,0,0
1789536741698,366,Walmart - Request 2-1,307,Temporary Redirect,Walmart 4-10,text,true,,1471,124,10,43,https://www.walmart.com/search,366,0,0
1789536742064,146,Walmart - Request 2-2,200,OK,Walmart 4-10,text,true,,15941,193,10,43,https://www.walmart.com/blocked?url=L3NlYXJjaA==&uuid=fda2e8f0-b18f-11f1-a279-ba9dcd83641d&vid=&g=b,146,0,0
1789536741679,532,Walmart - Request 2,200,OK,Walmart 4-9,text,true,,18216,437,10,43,https://www.walmart.com/blocked?url=L3NlYXJjaA==&uuid=fda3c33d-b18f-11f1-a690-3d64c656a160&vid=&g=b,37,0,0
1789536741679,37,Walmart - Request 2-0,301,Moved Permanently,Walmart 4-9,,true,,804,120,10,43,https://walmart.com/search,37,0,0
1789536741716,348,Walmart - Request 2-1,307,Temporary Redirect,Walmart 4-9,text,true,,1471,124,10,43,https://www.walmart.com/search,348,0,0
1789536742064,147,Walmart - Request 2-2,200,OK,Walmart 4-9,text,true,,15941,193,10,43,https://www.walmart.com/blocked?url=L3NlYXJjaA==&uuid=fda3c33d-b18f-11f1-a690-3d64c656a160&vid=&g=b,147,0,0
1789536741663,549,Walmart - Request 2,200,OK,Walmart 4-8,text,true,,18211,437,10,43,https://www.walmart.com/blocked?url=L3NlYXJjaA==&uuid=fda72462-b18f-11f1-9568-b836b0f448be&vid=&g=b,35,0,0
1789536741663,35,Walmart - Request 2-0,301,Moved Permanently,Walmart 4-8,,true,,800,120,10,43,https://walmart.com/search,35,0,0
1789536741698,406,Walmart - Request 2-1,307,Temporary Redirect,Walmart 4-8,text,true,,1470,124,10,43,https://www.walmart.com/search,406,0,0
1789536742104,108,Walmart - Request 2-2,200,OK,Walmart 4-8,text,true,,15941,193,10,43,https://www.walmart.com/blocked?url=L3NlYXJjaA==&uuid=fda72462-b18f-11f1-9568-b836b0f448be&vid=&g=b,108,0,0
1789536741983,327,Swiggy - Request 2,200,OK,Swiggy 3-10,text,true,,85781,246,3,43,https://www.swiggy.com:443/search,80,0,0
1789536741983,80,Swiggy - Request 2-0,301,Moved Permanently,Swiggy 3-10,text,true,,340,119,3,43,https://swiggy.com/search,80,0,0
1789536742063,247,Swiggy - Request 2-1,200,OK,Swiggy 3-10,text,true,,85441,127,3,43,https://www.swiggy.com:443/search,193,0,0
1789536741632,697,Walmart - Request 5,200,OK,Walmart 4-1,text,true,,17991,437,10,43,https://www.walmart.com/blocked?url=L29yZGVycw==&uuid=fda76e59-b18f-11f1-8c72-ff5dec6370e5&vid=&g=b,66,0,0
1789536741632,66,Walmart - Request 5-0,301,Moved Permanently,Walmart 4-1,,true,,689,120,10,43,https://walmart.com/orders,66,0,0
1789536741698,422,Walmart - Request 5-1,307,Temporary Redirect,Walmart 4-1,text,true,,1360,124,10,43,https://www.walmart.com/orders,422,0,0
1789536742120,209,Walmart - Request 5-2,200,OK,Walmart 4-1,text,true,,15942,193,10,43,https://www.walmart.com/blocked?url=L29yZGVycw==&uuid=fda76e59-b18f-11f1-8c72-ff5dec6370e5&vid=&g=b,209,0,0
1789536741613,722,Walmart - Request 1,200,OK,Walmart 4-3,text,true,,18055,429,9,42,https://www.walmart.com/blocked?url=L2hvbWU=&uuid=fda01182-b18f-11f1-b698-0a58c179e28c&vid=&g=b,30,0,0
1789536741613,30,Walmart - Request 1-0,301,Moved Permanently,Walmart 4-3,,true,,686,118,9,42,https://walmart.com/home,30,0,0
1789536741643,439,Walmart - Request 1-1,307,Temporary Redirect,Walmart 4-3,text,true,,1428,122,9,42,https://www.walmart.com/home,439,0,0
1789536742082,253,Walmart - Request 1-2,200,OK,Walmart 4-3,text,true,,15941,189,9,42,https://www.walmart.com/blocked?url=L2hvbWU=&uuid=fda01182-b18f-11f1-b698-0a58c179e28c&vid=&g=b,253,0,0
1789536742087,292,Swiggy - Request 3,404,Not Found,Swiggy 3-8,text,false,,4655,254,3,42,https://www.swiggy.com:443/restaurant,163,0,0
1789536742087,163,Swiggy - Request 3-0,301,Moved Permanently,Swiggy 3-8,text,true,,344,123,3,42,https://swiggy.com/restaurant,163,0,0
1789536742250,129,Swiggy - Request 3-1,404,Not Found,Swiggy 3-8,text,false,,4311,131,3,42,https://www.swiggy.com:443/restaurant,129,0,0
1789536741765,642,Walmart - Request 3,200,OK,Walmart 4-4,text,true,,17991,439,9,42,https://www.walmart.com/blocked?url=L3Byb2R1Y3Q=&uuid=fdbbb21f-b18f-11f1-be6f-5e22faec8b63&vid=&g=b,58,0,0
1789536741765,58,Walmart - Request 3-0,301,Moved Permanently,Walmart 4-4,,true,,688,121,9,42,https://walmart.com/product,58,0,0
1789536741823,465,Walmart - Request 3-1,307,Temporary Redirect,Walmart 4-4,text,true,,1362,125,9,42,https://www.walmart.com/product,464,0,0
1789536742288,119,Walmart - Request 3-2,200,OK,Walmart 4-4,text,true,,15941,193,9,42,https://www.walmart.com/blocked?url=L3Byb2R1Y3Q=&uuid=fdbbb21f-b18f-11f1-be6f-5e22faec8b63&vid=&g=b,119,0,0
1789536740506,2016,Walmart - Request 4,200,OK,Walmart 4-2,text,true,,351804,350,9,42,https://www.walmart.com/,745,0,0
1789536740506,745,Walmart - Request 4-0,302,Moved Temporarily,Walmart 4-2,,true,,791,118,9,42,https://walmart.com/cart,745,0,0
1789536741251,69,Walmart - Request 4-1,301,Moved Permanently,Walmart 4-2,,true,,798,114,9,42,https://walmart.com/,69,0,0
1789536741320,1202,Walmart - Request 4-2,200,OK,Walmart 4-2,text,true,,350215,118,9,42,https://www.walmart.com/,91,0,0
1789536741714,867,Walmart - Request 4,200,OK,Walmart 4-6,text,true,,351803,350,9,42,https://www.walmart.com/,45,0,0
1789536741714,45,Walmart - Request 4-0,302,Moved Temporarily,Walmart 4-6,,true,,790,118,9,42,https://walmart.com/cart,45,0,0
1789536741759,61,Walmart - Request 4-1,301,Moved Permanently,Walmart 4-6,,true,,798,114,9,42,https://walmart.com/,61,0,0
1789536741820,761,Walmart - Request 4-2,200,OK,Walmart 4-6,text,true,,350215,118,9,42,https://www.walmart.com/,88,0,0
1789536740380,2217,Ikea - Request 3,404,Not Found,Ikea 5-3,text,false,,465606,363,10,42,https://www.ikea.com/product/,388,0,0
1789536740380,388,Ikea - Request 3-0,301,Moved Permanently,Ikea 5-3,text,true,,431,118,10,42,https://ikea.com/product,388,0,0
1789536740769,233,Ikea - Request 3-1,301,Moved Permanently,Ikea 5-3,,true,,703,122,10,42,https://www.ikea.com/product,233,0,0
1789536741002,1595,Ikea - Request 3-2,404,Not Found,Ikea 5-3,text,false,,464472,123,10,42,https://www.ikea.com/product/,719,0,0
1789536741930,702,Swiggy - Request 4,200,OK,Swiggy 3-9,text,true,,88957,371,3,42,https://www.swiggy.com:443/checkout,98,0,0
1789536741930,98,Swiggy - Request 4-0,301,Moved Permanently,Swiggy 3-9,text,true,,338,117,3,42,https://swiggy.com/cart,98,0,0
1789536742029,281,Swiggy - Request 4-1,302,Found,Swiggy 3-9,text,true,,778,125,3,42,https://www.swiggy.com:443/cart,281,0,0
1789536742310,322,Swiggy - Request 4-2,200,OK,Swiggy 3-9,text,true,,87841,129,3,42,https://www.swiggy.com:443/checkout,236,0,0
1789536740675,1963,Ikea - Request 3,404,Not Found,Ikea 5-4,text,false,,465607,363,10,42,https://www.ikea.com/product/,317,0,0
1789536740675,317,Ikea - Request 3-0,301,Moved Permanently,Ikea 5-4,text,true,,431,118,10,42,https://ikea.com/product,317,0,0
1789536740992,157,Ikea - Request 3-1,301,Moved Permanently,Ikea 5-4,,true,,704,122,10,42,https://www.ikea.com/product,157,0,0
1789536741149,1489,Ikea - Request 3-2,404,Not Found,Ikea 5-4,text,false,,464472,123,10,42,https://www.ikea.com/product/,603,0,0
1789536741167,1511,Ikea - Request 1,404,Not Found,Ikea 5-9,text,false,,465597,354,10,42,https://www.ikea.com/home/,16,0,0
1789536741167,16,Ikea - Request 1-0,301,Moved Permanently,Ikea 5-9,text,true,,428,115,10,42,https://ikea.com/home,16,0,0
1789536741183,23,Ikea - Request 1-1,301,Moved Permanently,Ikea 5-9,,true,,697,119,10,42,https://www.ikea.com/home,23,0,0
1789536741206,1472,Ikea - Request 1-2,404,Not Found,Ikea 5-9,text,false,,464472,120,10,42,https://www.ikea.com/home/,593,0,0
1789536742310,373,Swiggy - Request 3,404,Not Found,Swiggy 3-10,text,false,,4655,254,3,42,https://www.swiggy.com:443/restaurant,210,0,0
1789536742310,210,Swiggy - Request 3-0,301,Moved Permanently,Swiggy 3-10,text,true,,344,123,3,42,https://swiggy.com/restaurant,210,0,0
1789536742521,162,Swiggy - Request 3-1,404,Not Found,Swiggy 3-10,text,false,,4311,131,3,42,https://www.swiggy.com:443/restaurant,162,0,0
1789536740350,2341,Ikea - Request 3,404,Not Found,Ikea 5-2,text,false,,465607,363,10,42,https://www.ikea.com/product/,351,0,0
1789536740350,351,Ikea - Request 3-0,301,Moved Permanently,Ikea 5-2,text,true,,431,118,10,42,https://ikea.com/product,351,0,0
1789536740702,296,Ikea - Request 3-1,301,Moved Permanently,Ikea 5-2,,true,,704,122,10,42,https://www.ikea.com/product,296,0,0
1789536740998,1693,Ikea - Request 3-2,404,Not Found,Ikea 5-2,text,false,,464472,123,10,42,https://www.ikea.com/product/,763,0,0
1789536740952,1784,Ikea - Request 1,404,Not Found,Ikea 5-8,text,false,,465598,354,10,42,https://www.ikea.com/home/,197,0,0
1789536740952,197,Ikea - Request 1-0,301,Moved Permanently,Ikea 5-8,text,true,,428,115,10,42,https://ikea.com/home,197,0,0
1789536741149,38,Ikea - Request 1-1,301,Moved Permanently,Ikea 5-8,,true,,697,119,10,42,https://www.ikea.com/home,38,0,0
1789536741187,1549,Ikea - Request 1-2,404,Not Found,Ikea 5-8,text,false,,464473,120,10,42,https://www.ikea.com/home/,603,0,0
1789536741315,1527,Ikea - Request 2,404,Not Found,Ikea 5-7,text,false,,465605,360,10,42,https://www.ikea.com/search/,8,0,0
1789536741315,8,Ikea - Request 2-0,301,Moved Permanently,Ikea 5-7,text,true,,430,117,10,42,https://ikea.com/search,8,0,0
1789536741323,22,Ikea - Request 2-1,301,Moved Permanently,Ikea 5-7,,true,,702,121,10,42,https://www.ikea.com/search,22,0,0
1789536741346,1496,Ikea - Request 2-2,404,Not Found,Ikea 5-7,text,false,,464473,122,10,42,https://www.ikea.com/search/,582,0,0
1789536741215,1645,Ikea - Request 2,404,Not Found,Ikea 5-5,text,false,,465605,360,10,42,https://www.ikea.com/search/,83,0,0
1789536741215,83,Ikea - Request 2-0,301,Moved Permanently,Ikea 5-5,text,true,,430,117,10,42,https://ikea.com/search,83,0,0
1789536741298,20,Ikea - Request 2-1,301,Moved Permanently,Ikea 5-5,,true,,702,121,10,42,https://www.ikea.com/search,20,0,0
1789536741318,1542,Ikea - Request 2-2,404,Not Found,Ikea 5-5,text,false,,464473,122,10,42,https://www.ikea.com/search/,566,0,0
1789536742210,673,Walmart - Request 3,200,OK,Walmart 4-10,text,true,,17990,439,9,42,https://www.walmart.com/blocked?url=L3Byb2R1Y3Q=&uuid=fe0b005c-b18f-11f1-8891-3ad981200540&vid=&g=b,100,0,0
1789536742210,100,Walmart - Request 3-0,301,Moved Permanently,Walmart 4-10,,true,,689,121,9,42,https://walmart.com/product,100,0,0
1789536742310,484,Walmart - Request 3-1,307,Temporary Redirect,Walmart 4-10,text,true,,1360,125,9,42,https://www.walmart.com/product,484,0,0
1789536742794,89,Walmart - Request 3-2,200,OK,Walmart 4-10,text,true,,15941,193,9,42,https://www.walmart.com/blocked?url=L3Byb2R1Y3Q=&uuid=fe0b005c-b18f-11f1-8891-3ad981200540&vid=&g=b,89,0,0
1789536742211,676,Walmart - Request 3,200,OK,Walmart 4-9,text,true,,17991,439,9,42,https://www.walmart.com/blocked?url=L3Byb2R1Y3Q=&uuid=fe09f8ef-b18f-11f1-98c7-0c8e6a95b2ce&vid=&g=b,99,0,0
1789536742212,675,Walmart - Request 3,200,OK,Walmart 4-8,text,true,,17994,439,9,42,https://www.walmart.com/blocked?url=L3Byb2R1Y3Q=&uuid=fe0e11ee-b18f-11f1-8530-c10e8bfb7a0e&vid=&g=b,98,0,0
1789536742211,99,Walmart - Request 3-0,301,Moved Permanently,Walmart 4-9,,true,,689,121,9,42,https://walmart.com/product,99,0,0
1789536742310,484,Walmart - Request 3-1,307,Temporary Redirect,Walmart 4-9,text,true,,1361,125,9,42,https://www.walmart.com/product,484,0,0
1789536742212,98,Walmart - Request 3-0,301,Moved Permanently,Walmart 4-8,,true,,689,121,9,42,https://walmart.com/product,98,0,0
1789536742310,513,Walmart - Request 3-1,307,Temporary Redirect,Walmart 4-8,text,true,,1362,125,9,42,https://www.walmart.com/product,513,0,0
1789536742794,93,Walmart - Request 3-2,200,OK,Walmart 4-9,text,true,,15941,193,9,42,https://www.walmart.com/blocked?url=L3Byb2R1Y3Q=&uuid=fe09f8ef-b18f-11f1-98c7-0c8e6a95b2ce&vid=&g=b,93,0,0
1789536742823,64,Walmart - Request 3-2,200,OK,Walmart 4-8,text,true,,15943,193,9,42,https://www.walmart.com/blocked?url=L3Byb2R1Y3Q=&uuid=fe0e11ee-b18f-11f1-8530-c10e8bfb7a0e&vid=&g=b,64,0,0
1789536742632,258,Swiggy - Request 5,404,Not Found,Swiggy 3-9,text,false,,4651,246,3,42,https://www.swiggy.com:443/orders,162,0,0
1789536742632,162,Swiggy - Request 5-0,301,Moved Permanently,Swiggy 3-9,text,true,,340,119,3,42,https://swiggy.com/orders,162,0,0
1789536742794,96,Swiggy - Request 5-1,404,Not Found,Swiggy 3-9,text,false,,4311,127,3,42,https://www.swiggy.com:443/orders,96,0,0
1789536742206,736,Walmart - Request 5,200,OK,Walmart 4-7,text,true,,18055,437,9,41,https://www.walmart.com/blocked?url=L29yZGVycw==&uuid=fdff23dd-b18f-11f1-87a8-ef84e1c10d3d&vid=&g=b,76,0,0
1789536742206,76,Walmart - Request 5-0,301,Moved Permanently,Walmart 4-7,,true,,687,120,9,41,https://walmart.com/orders,76,0,0
1789536742282,376,Walmart - Request 5-1,307,Temporary Redirect,Walmart 4-7,text,true,,1428,124,9,41,https://www.walmart.com/orders,376,0,0
1789536742658,284,Walmart - Request 5-2,200,OK,Walmart 4-7,text,true,,15940,193,9,41,https://www.walmart.com/blocked?url=L29yZGVycw==&uuid=fdff23dd-b18f-11f1-87a8-ef84e1c10d3d&vid=&g=b,284,0,0
1789536742380,855,Swiggy - Request 4,200,OK,Swiggy 3-8,text,true,,88981,371,2,41,https://www.swiggy.com:443/checkout,141,0,0
1789536742380,141,Swiggy - Request 4-0,301,Moved Permanently,Swiggy 3-8,text,true,,338,117,2,41,https://swiggy.com/cart,141,0,0
1789536742521,312,Swiggy - Request 4-1,302,Found,Swiggy 3-8,text,true,,777,125,2,41,https://www.swiggy.com:443/cart,312,0,0
1789536742833,402,Swiggy - Request 4-2,200,OK,Swiggy 3-8,text,true,,87866,129,2,41,https://www.swiggy.com:443/checkout,166,0,0
1789536742581,774,Walmart - Request 5,200,OK,Walmart 4-6,text,true,,17989,437,9,41,https://www.walmart.com/blocked?url=L29yZGVycw==&uuid=fe417372-b18f-11f1-a897-7d858c237caf&vid=&g=b,163,0,0
1789536742581,163,Walmart - Request 5-0,301,Moved Permanently,Walmart 4-6,,true,,688,120,9,41,https://walmart.com/orders,163,0,0
1789536742744,455,Walmart - Request 5-1,307,Temporary Redirect,Walmart 4-6,text,true,,1360,124,9,41,https://www.walmart.com/orders,455,0,0
1789536743199,156,Walmart - Request 5-2,200,OK,Walmart 4-6,text,true,,15941,193,9,41,https://www.walmart.com/blocked?url=L29yZGVycw==&uuid=fe417372-b18f-11f1-a897-7d858c237caf&vid=&g=b,156,0,0
1789536742684,673,Swiggy - Request 4,200,OK,Swiggy 3-10,text,true,,88979,371,2,41,https://www.swiggy.com:443/checkout,111,0,0
1789536742684,111,Swiggy - Request 4-0,301,Moved Permanently,Swiggy 3-10,text,true,,338,117,2,41,https://swiggy.com/cart,111,0,0
1789536742795,166,Swiggy - Request 4-1,302,Found,Swiggy 3-10,text,true,,777,125,2,41,https://www.swiggy.com:443/cart,166,0,0
1789536742961,396,Swiggy - Request 4-2,200,OK,Swiggy 3-10,text,true,,87864,129,2,41,https://www.swiggy.com:443/checkout,333,0,0
1789536742407,965,Walmart - Request 4,200,OK,Walmart 4-4,text,true,,351864,350,9,41,https://www.walmart.com/,160,0,0
1789536742407,160,Walmart - Request 4-0,302,Moved Temporarily,Walmart 4-4,,true,,791,118,9,41,https://walmart.com/cart,160,0,0
1789536742567,166,Walmart - Request 4-1,301,Moved Permanently,Walmart 4-4,,true,,798,114,9,41,https://walmart.com/,166,0,0
1789536742733,639,Walmart - Request 4-2,200,OK,Walmart 4-4,text,true,,350275,118,9,41,https://www.walmart.com/,90,0,0
1789536742335,1050,Walmart - Request 2,200,OK,Walmart 4-3,text,true,,18211,437,9,41,https://www.walmart.com/blocked?url=L3NlYXJjaA==&uuid=fe2bdd14-b18f-11f1-b812-0a58c179e28c&vid=&g=b,97,0,0
1789536742335,97,Walmart - Request 2-0,301,Moved Permanently,Walmart 4-3,,true,,799,120,9,41,https://walmart.com/search,97,0,0
1789536742432,617,Walmart - Request 2-1,307,Temporary Redirect,Walmart 4-3,text,true,,1471,124,9,41,https://www.walmart.com/search,617,0,0
1789536743049,336,Walmart - Request 2-2,200,OK,Walmart 4-3,text,true,,15941,193,9,41,https://www.walmart.com/blocked?url=L3NlYXJjaA==&uuid=fe2bdd14-b18f-11f1-b812-0a58c179e28c&vid=&g=b,336,0,0
1789536741663,1776,Ikea - Request 1,404,Not Found,Ikea 5-10,text,false,,465603,354,10,41,https://www.ikea.com/home/,32,0,0
1789536741663,32,Ikea - Request 1-0,301,Moved Permanently,Ikea 5-10,text,true,,428,115,10,41,https://ikea.com/home,32,0,0
1789536741695,18,Ikea - Request 1-1,301,Moved Permanently,Ikea 5-10,,true,,698,119,10,41,https://www.ikea.com/home,18,0,0
1789536741713,1726,Ikea - Request 1-2,404,Not Found,Ikea 5-10,text,false,,464477,120,10,41,https://www.ikea.com/home/,588,0,0
1789536742884,582,Walmart - Request 4,200,OK,Walmart 4-10,text,true,,351865,350,9,41,https://www.walmart.com/,44,0,0
1789536742884,44,Walmart - Request 4-0,302,Moved Temporarily,Walmart 4-10,,true,,792,118,9,41,https://walmart.com/cart,44,0,0
1789536742928,71,Walmart - Request 4-1,301,Moved Permanently,Walmart 4-10,,true,,799,114,9,41,https://walmart.com/,71,0,0
1789536742999,467,Walmart - Request 4-2,200,OK,Walmart 4-10,text,true,,350274,118,9,41,https://www.walmart.com/,261,0,0
1789536741964,1515,Walmart - Request 4,200,OK,Walmart 4-5,text,true,,351809,350,9,41,https://www.walmart.com/,90,0,0
1789536742887,592,Walmart - Request 4,200,OK,Walmart 4-8,text,true,,351863,350,9,41,https://www.walmart.com/,41,0,0
1789536741964,90,Walmart - Request 4-0,302,Moved Temporarily,Walmart 4-5,,true,,794,118,9,41,https://walmart.com/cart,90,0,0
1789536742887,41,Walmart - Request 4-0,302,Moved Temporarily,Walmart 4-8,,true,,790,118,9,41,https://walmart.com/cart,41,0,0
1789536742054,125,Walmart - Request 4-1,301,Moved Permanently,Walmart 4-5,,true,,799,114,9,41,https://walmart.com/,125,0,0
1789536742928,71,Walmart - Request 4-1,301,Moved Permanently,Walmart 4-8,,true,,798,114,9,41,https://walmart.com/,71,0,0
1789536742179,1300,Walmart - Request 4-2,200,OK,Walmart 4-5,text,true,,350216,118,9,41,https://www.walmart.com/,152,0,0
1789536742999,480,Walmart - Request 4-2,200,OK,Walmart 4-8,text,true,,350275,118,9,41,https://www.walmart.com/,264,0,0
1789536743236,305,Swiggy - Request 5,404,Not Found,Swiggy 3-8,text,false,,4651,246,2,41,https://www.swiggy.com:443/orders,135,0,0
1789536743358,183,Swiggy - Request 5,404,Not Found,Swiggy 3-10,text,false,,4651,246,2,41,https://www.swiggy.com:443/orders,118,0,0
1789536743236,135,Swiggy - Request 5-0,301,Moved Permanently,Swiggy 3-8,text,true,,340,119,2,41,https://swiggy.com/orders,135,0,0
1789536743358,118,Swiggy - Request 5-0,301,Moved Permanently,Swiggy 3-10,text,true,,340,119,2,41,https://swiggy.com/orders,118,0,0
1789536743371,170,Swiggy - Request 5-1,404,Not Found,Swiggy 3-8,text,false,,4311,127,2,41,https://www.swiggy.com:443/orders,170,0,0
1789536743476,65,Swiggy - Request 5-1,404,Not Found,Swiggy 3-10,text,false,,4311,127,2,41,https://www.swiggy.com:443/orders,65,0,0
1789536742523,1155,Walmart - Request 5,200,OK,Walmart 4-2,text,true,,17993,437,9,39,https://www.walmart.com/blocked?url=L29yZGVycw==&uuid=fe8ab9a0-b18f-11f1-866c-c10e8bfb7a0e&vid=&g=b,132,0,0
1789536742523,132,Walmart - Request 5-0,301,Moved Permanently,Walmart 4-2,,true,,689,120,9,39,https://walmart.com/orders,132,0,0
1789536742656,934,Walmart - Request 5-1,307,Temporary Redirect,Walmart 4-2,text,true,,1363,124,9,39,https://www.walmart.com/orders,934,0,0
1789536743590,88,Walmart - Request 5-2,200,OK,Walmart 4-2,text,true,,15941,193,9,39,https://www.walmart.com/blocked?url=L29yZGVycw==&uuid=fe8ab9a0-b18f-11f1-866c-c10e8bfb7a0e&vid=&g=b,88,0,0
1789536742943,881,Walmart - Request 1,200,OK,Walmart 4-7,text,true,,18049,429,9,39,https://www.walmart.com/blocked?url=L2hvbWU=&uuid=fe8310c4-b18f-11f1-8936-ef84e1c10d3d&vid=&g=b,216,0,0
1789536742943,216,Walmart - Request 1-0,301,Moved Permanently,Walmart 4-7,,true,,685,118,9,39,https://walmart.com/home,216,0,0
1789536743160,375,Walmart - Request 1-1,307,Temporary Redirect,Walmart 4-7,text,true,,1424,122,9,39,https://www.walmart.com/home,375,0,0
1789536743535,289,Walmart - Request 1-2,200,OK,Walmart 4-7,text,true,,15940,189,9,39,https://www.walmart.com/blocked?url=L2hvbWU=&uuid=fe8310c4-b18f-11f1-8936-ef84e1c10d3d&vid=&g=b,289,0,0
1789536742887,937,Walmart - Request 4,200,OK,Walmart 4-9,text,true,,351864,350,9,39,https://www.walmart.com/,625,0,0
1789536742887,625,Walmart - Request 4-0,302,Moved Temporarily,Walmart 4-9,,true,,790,118,9,39,https://walmart.com/cart,625,0,0
1789536743512,35,Walmart - Request 4-1,301,Moved Permanently,Walmart 4-9,,true,,798,114,9,39,https://walmart.com/,35,0,0
1789536743547,277,Walmart - Request 4-2,200,OK,Walmart 4-9,text,true,,350276,118,9,39,https://www.walmart.com/,51,0,0
1789536742190,1679,Ikea - Request 3,404,Not Found,Ikea 5-6,text,false,,465607,363,10,39,https://www.ikea.com/product/,77,0,0
1789536742190,77,Ikea - Request 3-0,301,Moved Permanently,Ikea 5-6,text,true,,431,118,10,39,https://ikea.com/product,77,0,0
1789536742267,76,Ikea - Request 3-1,301,Moved Permanently,Ikea 5-6,,true,,704,122,10,39,https://www.ikea.com/product,76,0,0
1789536742343,1526,Ikea - Request 3-2,404,Not Found,Ikea 5-6,text,false,,464472,123,10,39,https://www.ikea.com/product/,650,0,0
1789536743372,571,Walmart - Request 5,200,OK,Walmart 4-4,text,true,,17988,437,9,39,https://www.walmart.com/blocked?url=L29yZGVycw==&uuid=feb37b51-b18f-11f1-af26-4dfa130842cb&vid=&g=b,100,0,0
1789536743372,100,Walmart - Request 5-0,301,Moved Permanently,Walmart 4-4,,true,,687,120,9,39,https://walmart.com/orders,100,0,0
1789536743472,396,Walmart - Request 5-1,307,Temporary Redirect,Walmart 4-4,text,true,,1360,124,9,39,https://www.walmart.com/orders,396,0,0
1789536743869,74,Walmart - Request 5-2,200,OK,Walmart 4-4,text,true,,15941,193,9,39,https://www.walmart.com/blocked?url=L29yZGVycw==&uuid=feb37b51-b18f-11f1-af26-4dfa130842cb&vid=&g=b,74,0,0
1789536743355,600,Walmart - Request 1,200,OK,Walmart 4-6,text,true,,17984,429,8,38,https://www.walmart.com/blocked?url=L2hvbWU=&uuid=feb3aff3-b18f-11f1-8129-5e22faec8b63&vid=&g=b,117,0,0
1789536743355,117,Walmart - Request 1-0,301,Moved Permanently,Walmart 4-6,,true,,685,118,8,38,https://walmart.com/home,117,0,0
1789536743472,396,Walmart - Request 1-1,307,Temporary Redirect,Walmart 4-6,text,true,,1357,122,8,38,https://www.walmart.com/home,396,0,0
1789536743869,86,Walmart - Request 1-2,200,OK,Walmart 4-6,text,true,,15942,189,8,38,https://www.walmart.com/blocked?url=L2hvbWU=&uuid=feb3aff3-b18f-11f1-8129-5e22faec8b63&vid=&g=b,86,0,0
1789536743467,501,Walmart - Request 5,200,OK,Walmart 4-10,text,true,,17987,437,8,38,https://www.walmart.com/blocked?url=L29yZGVycw==&uuid=feb7c917-b18f-11f1-8a71-3ad981200540&vid=&g=b,45,0,0
1789536743467,45,Walmart - Request 5-0,301,Moved Permanently,Walmart 4-10,,true,,688,120,8,38,https://walmart.com/orders,45,0,0
1789536743512,395,Walmart - Request 5-1,307,Temporary Redirect,Walmart 4-10,text,true,,1359,124,8,38,https://www.walmart.com/orders,395,0,0
1789536743908,60,Walmart - Request 5-2,200,OK,Walmart 4-10,text,true,,15940,193,8,38,https://www.walmart.com/blocked?url=L29yZGVycw==&uuid=feb7c917-b18f-11f1-8a71-3ad981200540&vid=&g=b,60,0,0
1789536743479,541,Walmart - Request 5,200,OK,Walmart 4-8,text,true,,17989,437,8,38,https://www.walmart.com/blocked?url=L29yZGVycw==&uuid=fec0064f-b18f-11f1-9c01-90ec8f16e2ca&vid=&g=b,44,0,0
1789536743479,44,Walmart - Request 5-0,301,Moved Permanently,Walmart 4-8,,true,,688,120,8,38,https://walmart.com/orders,44,0,0
1789536743523,438,Walmart - Request 5-1,307,Temporary Redirect,Walmart 4-8,text,true,,1361,124,8,38,https://www.walmart.com/orders,438,0,0
1789536743962,58,Walmart - Request 5-2,200,OK,Walmart 4-8,text,true,,15940,193,8,38,https://www.walmart.com/blocked?url=L29yZGVycw==&uuid=fec0064f-b18f-11f1-9c01-90ec8f16e2ca&vid=&g=b,58,0,0
1789536743479,571,Walmart - Request 5,200,OK,Walmart 4-5,text,true,,17989,437,8,38,https://www.walmart.com/blocked?url=L29yZGVycw==&uuid=febce43f-b18f-11f1-8163-b3206f6d166a&vid=&g=b,44,0,0
1789536743479,44,Walmart - Request 5-0,301,Moved Permanently,Walmart 4-5,,true,,689,120,8,38,https://walmart.com/orders,44,0,0
1789536743523,420,Walmart - Request 5-1,307,Temporary Redirect,Walmart 4-5,text,true,,1359,124,8,38,https://www.walmart.com/orders,420,0,0
1789536743944,106,Walmart - Request 5-2,200,OK,Walmart 4-5,text,true,,15941,193,8,38,https://www.walmart.com/blocked?url=L29yZGVycw==&uuid=febce43f-b18f-11f1-8163-b3206f6d166a&vid=&g=b,106,0,0
1789536743385,864,Walmart - Request 3,200,OK,Walmart 4-3,text,true,,18061,439,8,38,https://www.walmart.com/blocked?url=L3Byb2R1Y3Q=&uuid=feb682db-b18f-11f1-8782-fbde4983c15e&vid=&g=b,87,0,0
1789536743385,87,Walmart - Request 3-0,301,Moved Permanently,Walmart 4-3,,true,,688,121,8,38,https://walmart.com/product,87,0,0
1789536743472,435,Walmart - Request 3-1,307,Temporary Redirect,Walmart 4-3,text,true,,1432,125,8,38,https://www.walmart.com/product,435,0,0
1789536743908,341,Walmart - Request 3-2,200,OK,Walmart 4-3,text,true,,15941,193,8,38,https://www.walmart.com/blocked?url=L3Byb2R1Y3Q=&uuid=feb682db-b18f-11f1-8782-fbde4983c15e&vid=&g=b,341,0,0
1789536742678,1679,Ikea - Request 2,404,Not Found,Ikea 5-9,text,false,,465605,360,10,38,https://www.ikea.com/search/,55,0,0
1789536742678,55,Ikea - Request 2-0,301,Moved Permanently,Ikea 5-9,text,true,,430,117,10,38,https://ikea.com/search,55,0,0
1789536742733,20,Ikea - Request 2-1,301,Moved Permanently,Ikea 5-9,,true,,702,121,10,38,https://www.ikea.com/search,20,0,0
1789536742753,1604,Ikea - Request 2-2,404,Not Found,Ikea 5-9,text,false,,464473,122,10,38,https://www.ikea.com/search/,592,0,0
1789536742638,1790,Ikea - Request 4,404,Not Found,Ikea 5-4,text,false,,465598,354,10,38,https://www.ikea.com/cart/,91,0,0
1789536742638,91,Ikea - Request 4-0,301,Moved Permanently,Ikea 5-4,text,true,,428,115,10,38,https://ikea.com/cart,91,0,0
1789536742729,24,Ikea - Request 4-1,301,Moved Permanently,Ikea 5-4,,true,,697,119,10,38,https://www.ikea.com/cart,24,0,0
1789536742753,1675,Ikea - Request 4-2,404,Not Found,Ikea 5-4,text,false,,464473,120,10,38,https://www.ikea.com/cart/,587,0,0
1789536742691,1745,Ikea - Request 4,404,Not Found,Ikea 5-2,text,false,,465598,354,10,38,https://www.ikea.com/cart/,54,0,0
1789536742691,54,Ikea - Request 4-0,301,Moved Permanently,Ikea 5-2,text,true,,428,115,10,38,https://ikea.com/cart,54,0,0
1789536742745,23,Ikea - Request 4-1,301,Moved Permanently,Ikea 5-2,,true,,698,119,10,38,https://www.ikea.com/cart,23,0,0
1789536742768,1668,Ikea - Request 4-2,404,Not Found,Ikea 5-2,text,false,,464472,120,10,38,https://www.ikea.com/cart/,630,0,0
1789536743679,955,Walmart - Request 1,200,OK,Walmart 4-2,text,true,,17985,429,8,38,https://www.walmart.com/blocked?url=L2hvbWU=&uuid=fee55e01-b18f-11f1-87f6-fbde4983c15e&vid=&g=b,92,0,0
1789536743679,92,Walmart - Request 1-0,301,Moved Permanently,Walmart 4-2,,true,,686,118,8,38,https://walmart.com/home,92,0,0
1789536743771,478,Walmart - Request 1-1,307,Temporary Redirect,Walmart 4-2,text,true,,1358,122,8,38,https://www.walmart.com/home,478,0,0
1789536744249,385,Walmart - Request 1-2,200,OK,Walmart 4-2,text,true,,15941,189,8,38,https://www.walmart.com/blocked?url=L2hvbWU=&uuid=fee55e01-b18f-11f1-87f6-fbde4983c15e&vid=&g=b,385,0,0
1789536742598,2256,Ikea - Request 4,404,Not Found,Ikea 5-3,text,false,,465598,354,10,38,https://www.ikea.com/cart/,129,0,0
1789536742598,129,Ikea - Request 4-0,301,Moved Permanently,Ikea 5-3,text,true,,428,115,10,38,https://ikea.com/cart,129,0,0
1789536742728,25,Ikea - Request 4-1,301,Moved Permanently,Ikea 5-3,,true,,697,119,10,38,https://www.ikea.com/cart,25,0,0
1789536742753,2101,Ikea - Request 4-2,404,Not Found,Ikea 5-3,text,false,,464473,120,10,38,https://www.ikea.com/cart/,743,0,0
1789536742736,2167,Ikea - Request 2,404,Not Found,Ikea 5-8,text,false,,465604,360,10,38,https://www.ikea.com/search/,11,0,0
1789536742736,11,Ikea - Request 2-0,301,Moved Permanently,Ikea 5-8,text,true,,430,117,10,38,https://ikea.com/search,11,0,0
1789536742748,39,Ikea - Request 2-1,301,Moved Permanently,Ikea 5-8,,true,,702,121,10,38,https://www.ikea.com/search,39,0,0
1789536742787,2116,Ikea - Request 2-2,404,Not Found,Ikea 5-8,text,false,,464472,122,10,38,https://www.ikea.com/search/,582,0,0
1789536743969,971,Walmart - Request 1,200,OK,Walmart 4-10,text,true,,17983,429,8,38,https://www.walmart.com/blocked?url=L2hvbWU=&uuid=ff03572d-b18f-11f1-91f5-b7d9e2895ac5&vid=&g=b,42,0,0
1789536743969,42,Walmart - Request 1-0,301,Moved Permanently,Walmart 4-10,,true,,687,118,8,38,https://walmart.com/home,42,0,0
1789536744011,423,Walmart - Request 1-1,307,Temporary Redirect,Walmart 4-10,text,true,,1355,122,8,38,https://www.walmart.com/home,423,0,0
1789536744434,506,Walmart - Request 1-2,200,OK,Walmart 4-10,text,true,,15941,189,8,38,https://www.walmart.com/blocked?url=L2hvbWU=&uuid=ff03572d-b18f-11f1-91f5-b7d9e2895ac5&vid=&g=b,506,0,0
1789536743825,1116,Walmart - Request 5,200,OK,Walmart 4-9,text,true,,17994,437,8,38,https://www.walmart.com/blocked?url=L29yZGVycw==&uuid=ff030f14-b18f-11f1-91f2-b7d9e2895ac5&vid=&g=b,89,0,0
1789536743825,89,Walmart - Request 5-0,301,Moved Permanently,Walmart 4-9,,true,,688,120,8,38,https://walmart.com/orders,89,0,0
1789536743914,520,Walmart - Request 5-1,307,Temporary Redirect,Walmart 4-9,text,true,,1363,124,8,38,https://www.walmart.com/orders,520,0,0
1789536744434,507,Walmart - Request 5-2,200,OK,Walmart 4-9,text,true,,15943,193,8,38,https://www.walmart.com/blocked?url=L29yZGVycw==&uuid=ff030f14-b18f-11f1-91f2-b7d9e2895ac5&vid=&g=b,507,0,0
1789536743956,1014,Walmart - Request 2,200,OK,Walmart 4-6,text,true,,18214,437,8,38,https://www.walmart.com/blocked?url=L3NlYXJjaA==&uuid=fefdea42-b18f-11f1-81e9-5e22faec8b63&vid=&g=b,26,0,0
1789536743956,26,Walmart - Request 2-0,301,Moved Permanently,Walmart 4-6,,true,,803,120,8,38,https://walmart.com/search,26,0,0
1789536743983,451,Walmart - Request 2-1,307,Temporary Redirect,Walmart 4-6,text,true,,1470,124,8,38,https://www.walmart.com/search,451,0,0
1789536744434,536,Walmart - Request 2-2,200,OK,Walmart 4-6,text,true,,15941,193,8,38,https://www.walmart.com/blocked?url=L3NlYXJjaA==&uuid=fefdea42-b18f-11f1-81e9-5e22faec8b63&vid=&g=b,536,0,0
1789536742842,2193,Ikea - Request 3,404,Not Found,Ikea 5-7,text,false,,465608,363,10,38,https://www.ikea.com/product/,6,0,0
1789536742842,6,Ikea - Request 3-0,301,Moved Permanently,Ikea 5-7,text,true,,431,118,10,38,https://ikea.com/product,6,0,0
1789536742848,17,Ikea - Request 3-1,301,Moved Permanently,Ikea 5-7,,true,,704,122,10,38,https://www.ikea.com/product,17,0,0
1789536742865,2170,Ikea - Request 3-2,404,Not Found,Ikea 5-7,text,false,,464473,123,10,38,https://www.ikea.com/product/,606,0,0
1789536743824,1274,Walmart - Request 2,200,OK,Walmart 4-7,text,true,,18213,437,8,38,https://www.walmart.com/blocked?url=L3NlYXJjaA==&uuid=fef61678-b18f-11f1-9ed0-28b0168ed415&vid=&g=b,90,0,0
1789536743824,90,Walmart - Request 2-0,301,Moved Permanently,Walmart 4-7,,true,,801,120,8,38,https://walmart.com/search,90,0,0
1789536743914,520,Walmart - Request 2-1,307,Temporary Redirect,Walmart 4-7,text,true,,1471,124,8,38,https://www.walmart.com/search,520,0,0
1789536744434,664,Walmart - Request 2-2,200,OK,Walmart 4-7,text,true,,15941,193,8,38,https://www.walmart.com/blocked?url=L3NlYXJjaA==&uuid=fef61678-b18f-11f1-9ed0-28b0168ed415&vid=&g=b,664,0,0
1789536742860,2415,Ikea - Request 3,404,Not Found,Ikea 5-5,text,false,,465608,363,10,38,https://www.ikea.com/product/,27,0,0
1789536742860,27,Ikea - Request 3-0,301,Moved Permanently,Ikea 5-5,text,true,,431,118,10,38,https://ikea.com/product,27,0,0
1789536742887,22,Ikea - Request 3-1,301,Moved Permanently,Ikea 5-5,,true,,704,122,10,38,https://www.ikea.com/product,22,0,0
1789536742909,2366,Ikea - Request 3-2,404,Not Found,Ikea 5-5,text,false,,464473,123,10,38,https://www.ikea.com/product/,776,0,0
1789536743869,1528,Ikea - Request 4,404,Not Found,Ikea 5-6,text,false,,465599,354,10,38,https://www.ikea.com/cart/,39,0,0
1789536743869,39,Ikea - Request 4-0,301,Moved Permanently,Ikea 5-6,text,true,,428,115,10,38,https://ikea.com/cart,39,0,0
1789536743914,18,Ikea - Request 4-1,301,Moved Permanently,Ikea 5-6,,true,,698,119,10,38,https://www.ikea.com/cart,18,0,0
1789536743932,1465,Ikea - Request 4-2,404,Not Found,Ikea 5-6,text,false,,464473,120,10,38,https://www.ikea.com/cart/,593,0,0
1789536744634,944,Walmart - Request 2,200,OK,Walmart 4-2,text,true,,18213,437,8,38,https://www.walmart.com/blocked?url=L3NlYXJjaA==&uuid=ff9d305d-b18f-11f1-873a-c59289bbe27d&vid=&g=b,335,0,0
1789536744020,1559,Walmart - Request 1,200,OK,Walmart 4-8,text,true,,17984,429,8,38,https://www.walmart.com/blocked?url=L2hvbWU=&uuid=ff9d0b17-b18f-11f1-b979-c988daeb83a5&vid=&g=b,94,0,0
1789536744939,639,Walmart - Request 2,200,OK,Walmart 4-10,text,true,,18215,437,8,38,https://www.walmart.com/blocked?url=L3NlYXJjaA==&uuid=ffa8bf72-b18f-11f1-8197-1c6a7eb00161&vid=&g=b,134,0,0
1789536744020,94,Walmart - Request 1-0,301,Moved Permanently,Walmart 4-8,,true,,687,118,8,38,https://walmart.com/home,94,0,0
1789536744939,134,Walmart - Request 2-0,301,Moved Permanently,Walmart 4-10,,true,,804,120,8,38,https://walmart.com/search,134,0,0
1789536744114,1328,Walmart - Request 1-1,307,Temporary Redirect,Walmart 4-8,text,true,,1357,122,8,38,https://www.walmart.com/home,1328,0,0
1789536744634,335,Walmart - Request 2-0,301,Moved Permanently,Walmart 4-2,,true,,801,120,8,38,https://walmart.com/search,335,0,0
1789536745073,378,Walmart - Request 2-1,307,Temporary Redirect,Walmart 4-10,text,true,,1470,124,8,38,https://www.walmart.com/search,378,0,0
1789536745441,137,Walmart - Request 1-2,200,OK,Walmart 4-8,text,true,,15940,189,8,38,https://www.walmart.com/blocked?url=L2hvbWU=&uuid=ff9d0b17-b18f-11f1-b979-c988daeb83a5&vid=&g=b,137,0,0
1789536744968,420,Walmart - Request 2-1,307,Temporary Redirect,Walmart 4-2,text,true,,1471,124,8,38,https://www.walmart.com/search,420,0,0
1789536745451,127,Walmart - Request 2-2,200,OK,Walmart 4-10,text,true,,15941,193,8,38,https://www.walmart.com/blocked?url=L3NlYXJjaA==&uuid=ffa8bf72-b18f-11f1-8197-1c6a7eb00161&vid=&g=b,127,0,0
1789536745388,190,Walmart - Request 2-2,200,OK,Walmart 4-2,text,true,,15941,193,8,38,https://www.walmart.com/blocked?url=L3NlYXJjaA==&uuid=ff9d305d-b18f-11f1-873a-c59289bbe27d&vid=&g=b,190,0,0
1789536744050,1529,Walmart - Request 1,200,OK,Walmart 4-5,text,true,,17983,429,8,38,https://www.walmart.com/blocked?url=L2hvbWU=&uuid=ff97afce-b18f-11f1-8cad-3ad981200540&vid=&g=b,64,0,0
1789536744050,64,Walmart - Request 1-0,301,Moved Permanently,Walmart 4-5,,true,,686,118,8,38,https://walmart.com/home,64,0,0
1789536744114,1223,Walmart - Request 1-1,307,Temporary Redirect,Walmart 4-5,text,true,,1357,122,8,38,https://www.walmart.com/home,1223,0,0
1789536745336,242,Walmart - Request 1-2,200,OK,Walmart 4-5,text,true,,15940,189,8,38,https://www.walmart.com/blocked?url=L2hvbWU=&uuid=ff97afce-b18f-11f1-8cad-3ad981200540&vid=&g=b,242,0,0
1789536744940,751,Walmart - Request 1,200,OK,Walmart 4-9,text,true,,17985,429,8,38,https://www.walmart.com/blocked?url=L2hvbWU=&uuid=ffaaba19-b18f-11f1-b1a3-4dfa130842cb&vid=&g=b,133,0,0
1789536744940,133,Walmart - Request 1-0,301,Moved Permanently,Walmart 4-9,,true,,686,118,8,38,https://walmart.com/home,133,0,0
1789536745073,411,Walmart - Request 1-1,307,Temporary Redirect,Walmart 4-9,text,true,,1357,122,8,38,https://www.walmart.com/home,411,0,0
1789536745484,207,Walmart - Request 1-2,200,OK,Walmart 4-9,text,true,,15942,189,8,38,https://www.walmart.com/blocked?url=L2hvbWU=&uuid=ffaaba19-b18f-11f1-b1a3-4dfa130842cb&vid=&g=b,207,0,0
1789536744969,723,Walmart - Request 3,200,OK,Walmart 4-6,text,true,,17993,439,8,38,https://www.walmart.com/blocked?url=L3Byb2R1Y3Q=&uuid=ffbb6880-b18f-11f1-ada3-16b343e3b5e1&vid=&g=b,104,0,0
1789536744969,104,Walmart - Request 3-0,301,Moved Permanently,Walmart 4-6,,true,,689,121,8,38,https://walmart.com/product,104,0,0
1789536745073,516,Walmart - Request 3-1,307,Temporary Redirect,Walmart 4-6,text,true,,1363,125,8,38,https://www.walmart.com/product,516,0,0
1789536745589,103,Walmart - Request 3-2,200,OK,Walmart 4-6,text,true,,15941,193,8,38,https://www.walmart.com/blocked?url=L3Byb2R1Y3Q=&uuid=ffbb6880-b18f-11f1-ada3-16b343e3b5e1&vid=&g=b,103,0,0
1789536743439,2485,Ikea - Request 2,404,Not Found,Ikea 5-10,text,false,,465604,360,10,38,https://www.ikea.com/search/,17,0,0
1789536743439,17,Ikea - Request 2-0,301,Moved Permanently,Ikea 5-10,text,true,,430,117,10,38,https://ikea.com/search,17,0,0
1789536743456,44,Ikea - Request 2-1,301,Moved Permanently,Ikea 5-10,,true,,702,121,10,38,https://www.ikea.com/search,44,0,0
1789536743500,2424,Ikea - Request 2-2,404,Not Found,Ikea 5-10,text,false,,464472,122,10,38,https://www.ikea.com/search/,567,0,0
1789536745098,948,Walmart - Request 3,200,OK,Walmart 4-7,text,true,,18059,439,8,38,https://www.walmart.com/blocked?url=L3Byb2R1Y3Q=&uuid=ffc72ccf-b18f-11f1-b5b2-9076f56684c9&vid=&g=b,176,0,0
1789536745098,176,Walmart - Request 3-0,301,Moved Permanently,Walmart 4-7,,true,,689,121,8,38,https://walmart.com/product,176,0,0
1789536745274,416,Walmart - Request 3-1,307,Temporary Redirect,Walmart 4-7,text,true,,1429,125,8,38,https://www.walmart.com/product,416,0,0
1789536745691,355,Walmart - Request 3-2,200,OK,Walmart 4-7,text,true,,15941,193,8,38,https://www.walmart.com/blocked?url=L3Byb2R1Y3Q=&uuid=ffc72ccf-b18f-11f1-b5b2-9076f56684c9&vid=&g=b,355,0,0
1789536740284,5778,Ikea - Request 3,404,Not Found,Ikea 5-1,text,false,,465607,363,10,38,https://www.ikea.com/product/,364,0,0
1789536740284,364,Ikea - Request 3-0,301,Moved Permanently,Ikea 5-1,text,true,,431,118,10,38,https://ikea.com/product,364,0,0
1789536740648,341,Ikea - Request 3-1,301,Moved Permanently,Ikea 5-1,,true,,704,122,10,38,https://www.ikea.com/product,341,0,0
1789536740989,5073,Ikea - Request 3-2,404,Not Found,Ikea 5-1,text,false,,464472,123,10,38,https://www.ikea.com/product/,1080,0,0
1789536745579,543,Walmart - Request 3,200,OK,Walmart 4-10,text,true,,17990,439,8,38,https://www.walmart.com/blocked?url=L3Byb2R1Y3Q=&uuid=0006b1b0-b190-11f1-bf16-106448e9f728&vid=&g=b,80,0,0
1789536745579,80,Walmart - Request 3-0,301,Moved Permanently,Walmart 4-10,,true,,690,121,8,38,https://walmart.com/product,80,0,0
1789536745660,395,Walmart - Request 3-1,307,Temporary Redirect,Walmart 4-10,text,true,,1360,125,8,38,https://www.walmart.com/product,395,0,0
1789536746055,67,Walmart - Request 3-2,200,OK,Walmart 4-10,text,true,,15940,193,8,38,https://www.walmart.com/blocked?url=L3Byb2R1Y3Q=&uuid=0006b1b0-b190-11f1-bf16-106448e9f728&vid=&g=b,67,0,0
1789536745579,628,Walmart - Request 2,200,OK,Walmart 4-5,text,true,,18212,437,8,38,https://www.walmart.com/blocked?url=L3NlYXJjaA==&uuid=000e2443-b190-11f1-9e22-0c8e6a95b2ce&vid=&g=b,80,0,0
1789536745579,80,Walmart - Request 2-0,301,Moved Permanently,Walmart 4-5,,true,,801,120,8,38,https://walmart.com/search,80,0,0
1789536745660,458,Walmart - Request 2-1,307,Temporary Redirect,Walmart 4-5,text,true,,1470,124,8,38,https://www.walmart.com/search,458,0,0
1789536746118,89,Walmart - Request 2-2,200,OK,Walmart 4-5,text,true,,15941,193,8,38,https://www.walmart.com/blocked?url=L3NlYXJjaA==&uuid=000e2443-b190-11f1-9e22-0c8e6a95b2ce&vid=&g=b,89,0,0
1789536745579,642,Walmart - Request 2,200,OK,Walmart 4-8,text,true,,18211,437,8,38,https://www.walmart.com/blocked?url=L3NlYXJjaA==&uuid=00125c4c-b190-11f1-94f3-0461833a1505&vid=&g=b,80,0,0
1789536745579,80,Walmart - Request 2-0,301,Moved Permanently,Walmart 4-8,,true,,800,120,8,38,https://walmart.com/search,80,0,0
1789536745660,505,Walmart - Request 2-1,307,Temporary Redirect,Walmart 4-8,text,true,,1470,124,8,38,https://www.walmart.com/search,505,0,0
1789536746165,56,Walmart - Request 2-2,200,OK,Walmart 4-8,text,true,,15941,193,8,38,https://www.walmart.com/blocked?url=L3NlYXJjaA==&uuid=00125c4c-b190-11f1-94f3-0461833a1505&vid=&g=b,56,0,0
1789536745579,763,Walmart - Request 3,200,OK,Walmart 4-2,text,true,,17992,439,8,38,https://www.walmart.com/blocked?url=L3Byb2R1Y3Q=&uuid=00141d84-b190-11f1-83d8-afb8d31ec4fd&vid=&g=b,80,0,0
1789536745579,80,Walmart - Request 3-0,301,Moved Permanently,Walmart 4-2,,true,,689,121,8,38,https://walmart.com/product,80,0,0
1789536745660,536,Walmart - Request 3-1,307,Temporary Redirect,Walmart 4-2,text,true,,1362,125,8,38,https://www.walmart.com/product,536,0,0
1789536746196,146,Walmart - Request 3-2,200,OK,Walmart 4-2,text,true,,15941,193,8,38,https://www.walmart.com/blocked?url=L3Byb2R1Y3Q=&uuid=00141d84-b190-11f1-83d8-afb8d31ec4fd&vid=&g=b,146,0,0
1789536744357,2158,Ikea - Request 3,404,Not Found,Ikea 5-9,text,false,,465607,363,10,38,https://www.ikea.com/product/,537,0,0
1789536744357,537,Ikea - Request 3-0,301,Moved Permanently,Ikea 5-9,text,true,,431,118,10,38,https://ikea.com/product,537,0,0
1789536744893,75,Ikea - Request 3-1,301,Moved Permanently,Ikea 5-9,,true,,703,122,10,38,https://www.ikea.com/product,75,0,0
1789536744968,1547,Ikea - Request 3-2,404,Not Found,Ikea 5-9,text,false,,464473,123,10,38,https://www.ikea.com/product/,625,0,0
1789536744429,2097,Ikea - Request 5,404,Not Found,Ikea 5-4,text,false,,465605,360,10,38,https://www.ikea.com/orders/,469,0,0
1789536744429,469,Ikea - Request 5-0,301,Moved Permanently,Ikea 5-4,text,true,,430,117,10,38,https://ikea.com/orders,469,0,0
1789536744897,71,Ikea - Request 5-1,301,Moved Permanently,Ikea 5-4,,true,,702,121,10,38,https://www.ikea.com/orders,71,0,0
1789536744968,1558,Ikea - Request 5-2,404,Not Found,Ikea 5-4,text,false,,464473,122,10,38,https://www.ikea.com/orders/,673,0,0
1789536744853,1756,Ikea - Request 5,404,Not Found,Ikea 5-3,text,false,,465601,360,10,38,https://www.ikea.com/orders/,100,0,0
1789536744853,100,Ikea - Request 5-0,301,Moved Permanently,Ikea 5-3,text,true,,430,117,10,38,https://ikea.com/orders,100,0,0
1789536744953,73,Ikea - Request 5-1,301,Moved Permanently,Ikea 5-3,,true,,701,121,10,38,https://www.ikea.com/orders,73,0,0
1789536745026,1583,Ikea - Request 5-2,404,Not Found,Ikea 5-3,text,false,,464470,122,10,38,https://www.ikea.com/orders/,688,0,0
1789536744436,2177,Ikea - Request 5,404,Not Found,Ikea 5-2,text,false,,465605,360,10,38,https://www.ikea.com/orders/,468,0,0
1789536744436,468,Ikea - Request 5-0,301,Moved Permanently,Ikea 5-2,text,true,,430,117,10,38,https://ikea.com/orders,468,0,0
1789536744903,85,Ikea - Request 5-1,301,Moved Permanently,Ikea 5-2,,true,,702,121,10,38,https://www.ikea.com/orders,85,0,0
1789536744988,1625,Ikea - Request 5-2,404,Not Found,Ikea 5-2,text,false,,464473,122,10,38,https://www.ikea.com/orders/,776,0,0
1789536745691,935,Walmart - Request 2,200,OK,Walmart 4-9,text,true,,18217,437,8,38,https://www.walmart.com/blocked?url=L3NlYXJjaA==&uuid=0021b656-b190-11f1-974f-d9bae871222c&vid=&g=b,111,0,0
1789536745691,111,Walmart - Request 2-0,301,Moved Permanently,Walmart 4-9,,true,,804,120,8,38,https://walmart.com/search,111,0,0
1789536745802,535,Walmart - Request 2-1,307,Temporary Redirect,Walmart 4-9,text,true,,1471,124,8,38,https://www.walmart.com/search,535,0,0
1789536746337,289,Walmart - Request 2-2,200,OK,Walmart 4-9,text,true,,15942,193,8,38,https://www.walmart.com/blocked?url=L3NlYXJjaA==&uuid=0021b656-b190-11f1-974f-d9bae871222c&vid=&g=b,289,0,0
1789536746123,511,Walmart - Request 4,200,OK,Walmart 4-10,text,true,,351860,350,8,38,https://www.walmart.com/,41,0,0
1789536746123,41,Walmart - Request 4-0,302,Moved Temporarily,Walmart 4-10,,true,,789,118,8,38,https://walmart.com/cart,41,0,0
1789536746164,28,Walmart - Request 4-1,301,Moved Permanently,Walmart 4-10,,true,,797,114,8,38,https://walmart.com/,28,0,0
1789536746192,442,Walmart - Request 4-2,200,OK,Walmart 4-10,text,true,,350274,118,8,38,https://www.walmart.com/,146,0,0
1789536744903,1821,Ikea - Request 3,404,Not Found,Ikea 5-8,text,false,,465608,363,10,38,https://www.ikea.com/product/,81,0,0
1789536744903,81,Ikea - Request 3-0,301,Moved Permanently,Ikea 5-8,text,true,,431,118,10,38,https://ikea.com/product,81,0,0
1789536744984,158,Ikea - Request 3-1,301,Moved Permanently,Ikea 5-8,,true,,704,122,10,38,https://www.ikea.com/product,158,0,0
1789536745142,1582,Ikea - Request 3-2,404,Not Found,Ikea 5-8,text,false,,464473,123,10,38,https://www.ikea.com/product/,690,0,0
1789536746207,684,Walmart - Request 3,200,OK,Walmart 4-5,text,true,,17988,439,8,38,https://www.walmart.com/blocked?url=L3Byb2R1Y3Q=&uuid=006573ac-b190-11f1-85a0-5e22faec8b63&vid=&g=b,95,0,0
1789536746207,95,Walmart - Request 3-0,301,Moved Permanently,Walmart 4-5,,true,,689,121,8,38,https://walmart.com/product,95,0,0
1789536746302,400,Walmart - Request 3-1,307,Temporary Redirect,Walmart 4-5,text,true,,1359,125,8,38,https://www.walmart.com/product,400,0,0
1789536746703,188,Walmart - Request 3-2,200,OK,Walmart 4-5,text,true,,15940,193,8,38,https://www.walmart.com/blocked?url=L3Byb2R1Y3Q=&uuid=006573ac-b190-11f1-85a0-5e22faec8b63&vid=&g=b,188,0,0
1789536745693,1256,Walmart - Request 4,200,OK,Walmart 4-6,text,true,,351862,350,8,38,https://www.walmart.com/,109,0,0
1789536745693,109,Walmart - Request 4-0,302,Moved Temporarily,Walmart 4-6,,true,,789,118,8,38,https://walmart.com/cart,109,0,0
1789536745802,159,Walmart - Request 4-1,301,Moved Permanently,Walmart 4-6,,true,,797,114,8,38,https://walmart.com/,159,0,0
1789536745961,988,Walmart - Request 4-2,200,OK,Walmart 4-6,text,true,,350276,118,8,38,https://www.walmart.com/,114,0,0
1789536745035,1989,Ikea - Request 4,404,Not Found,Ikea 5-7,text,false,,465598,354,10,38,https://www.ikea.com/cart/,95,0,0
1789536745035,95,Ikea - Request 4-0,301,Moved Permanently,Ikea 5-7,text,true,,428,115,10,38,https://ikea.com/cart,95,0,0
1789536745130,136,Ikea - Request 4-1,301,Moved Permanently,Ikea 5-7,,true,,698,119,10,38,https://www.ikea.com/cart,136,0,0
1789536745266,1758,Ikea - Request 4-2,404,Not Found,Ikea 5-7,text,false,,464472,120,10,38,https://www.ikea.com/cart/,608,0,0
1789536745275,1753,Ikea - Request 4,404,Not Found,Ikea 5-5,text,false,,465599,354,10,38,https://www.ikea.com/cart/,30,0,0
1789536745275,30,Ikea - Request 4-0,301,Moved Permanently,Ikea 5-5,text,true,,428,115,10,38,https://ikea.com/cart,30,0,0
1789536745306,137,Ikea - Request 4-1,301,Moved Permanently,Ikea 5-5,,true,,698,119,10,38,https://www.ikea.com/cart,137,0,0
1789536745443,1585,Ikea - Request 4-2,404,Not Found,Ikea 5-5,text,false,,464473,120,10,38,https://www.ikea.com/cart/,573,0,0
1789536746221,812,Walmart - Request 3,200,OK,Walmart 4-8,text,true,,17993,439,8,38,https://www.walmart.com/blocked?url=L3Byb2R1Y3Q=&uuid=0067bc58-b190-11f1-a793-437a2b773fd6&vid=&g=b,81,0,0
1789536746221,81,Walmart - Request 3-0,301,Moved Permanently,Walmart 4-8,,true,,690,121,8,38,https://walmart.com/product,81,0,0
1789536746302,452,Walmart - Request 3-1,307,Temporary Redirect,Walmart 4-8,text,true,,1361,125,8,38,https://www.walmart.com/product,452,0,0
1789536746754,279,Walmart - Request 3-2,200,OK,Walmart 4-8,text,true,,15942,193,8,38,https://www.walmart.com/blocked?url=L3Byb2R1Y3Q=&uuid=0067bc58-b190-11f1-a793-437a2b773fd6&vid=&g=b,279,0,0
1789536745396,1752,Ikea - Request 5,404,Not Found,Ikea 5-6,text,false,,465604,360,10,38,https://www.ikea.com/orders/,61,0,0
1789536745396,61,Ikea - Request 5-0,301,Moved Permanently,Ikea 5-6,text,true,,430,117,10,38,https://ikea.com/orders,61,0,0
1789536745457,65,Ikea - Request 5-1,301,Moved Permanently,Ikea 5-6,,true,,702,121,10,38,https://www.ikea.com/orders,65,0,0
1789536745522,1626,Ikea - Request 5-2,404,Not Found,Ikea 5-6,text,false,,464472,122,10,38,https://www.ikea.com/orders/,672,0,0
1789536746626,883,Walmart - Request 3,200,OK,Walmart 4-9,text,true,,17991,439,8,38,https://www.walmart.com/blocked?url=L3Byb2R1Y3Q=&uuid=00a79a57-b190-11f1-b452-4dfa130842cb&vid=&g=b,70,0,0
1789536746626,70,Walmart - Request 3-0,301,Moved Permanently,Walmart 4-9,,true,,689,121,8,38,https://walmart.com/product,70,0,0
1789536746696,620,Walmart - Request 3-1,307,Temporary Redirect,Walmart 4-9,text,true,,1360,125,8,38,https://www.walmart.com/product,620,0,0
1789536747316,193,Walmart - Request 3-2,200,OK,Walmart 4-9,text,true,,15942,193,8,38,https://www.walmart.com/blocked?url=L3Byb2R1Y3Q=&uuid=00a79a57-b190-11f1-b452-4dfa130842cb&vid=&g=b,193,0,0
1789536746634,875,Walmart - Request 5,200,OK,Walmart 4-10,text,true,,18061,437,8,38,https://www.walmart.com/blocked?url=L29yZGVycw==&uuid=00a73b24-b190-11f1-9311-e25edf658ab7&vid=&g=b,62,0,0
1789536746634,62,Walmart - Request 5-0,301,Moved Permanently,Walmart 4-10,,true,,688,120,8,38,https://walmart.com/orders,62,0,0
1789536746696,622,Walmart - Request 5-1,307,Temporary Redirect,Walmart 4-10,text,true,,1432,124,8,38,https://www.walmart.com/orders,622,0,0
1789536747318,191,Walmart - Request 5-2,200,OK,Walmart 4-10,text,true,,15941,193,8,38,https://www.walmart.com/blocked?url=L29yZGVycw==&uuid=00a73b24-b190-11f1-9311-e25edf658ab7&vid=&g=b,191,0,0
1789536745924,1799,Ikea - Request 3,404,Not Found,Ikea 5-10,text,false,,465607,363,10,37,https://www.ikea.com/product/,12,0,0
1789536745924,12,Ikea - Request 3-0,301,Moved Permanently,Ikea 5-10,text,true,,431,118,10,37,https://ikea.com/product,12,0,0
1789536745936,23,Ikea - Request 3-1,301,Moved Permanently,Ikea 5-10,,true,,704,122,10,37,https://www.ikea.com/product,23,0,0
1789536745959,1764,Ikea - Request 3-2,404,Not Found,Ikea 5-10,text,false,,464472,123,10,37,https://www.ikea.com/product/,624,0,0
1789536746949,778,Walmart - Request 5,200,OK,Walmart 4-6,text,true,,17989,437,7,37,https://www.walmart.com/blocked?url=L29yZGVycw==&uuid=00d79504-b190-11f1-ab30-ba9dcd83641d&vid=&g=b,69,0,0
1789536746949,69,Walmart - Request 5-0,301,Moved Permanently,Walmart 4-6,,true,,688,120,7,37,https://walmart.com/orders,69,0,0
1789536747019,486,Walmart - Request 5-1,307,Temporary Redirect,Walmart 4-6,text,true,,1359,124,7,37,https://www.walmart.com/orders,486,0,0
1789536747505,222,Walmart - Request 5-2,200,OK,Walmart 4-6,text,true,,15942,193,7,37,https://www.walmart.com/blocked?url=L29yZGVycw==&uuid=00d79504-b190-11f1-ab30-ba9dcd83641d&vid=&g=b,222,0,0
1789536747033,726,Walmart - Request 4,200,OK,Walmart 4-8,text,true,,351865,350,6,36,https://www.walmart.com/,65,0,0
1789536747033,65,Walmart - Request 4-0,302,Moved Temporarily,Walmart 4-8,,true,,792,118,6,36,https://walmart.com/cart,65,0,0
1789536747098,195,Walmart - Request 4-1,301,Moved Permanently,Walmart 4-8,,true,,798,114,6,36,https://walmart.com/,195,0,0
1789536747293,466,Walmart - Request 4-2,200,OK,Walmart 4-8,text,true,,350275,118,6,36,https://www.walmart.com/,217,0,0
1789536747509,411,Walmart - Request 4,200,OK,Walmart 4-9,text,true,,351864,350,6,36,https://www.walmart.com/,122,0,0
1789536747509,122,Walmart - Request 4-0,302,Moved Temporarily,Walmart 4-9,,true,,790,118,6,36,https://walmart.com/cart,122,0,0
1789536747631,64,Walmart - Request 4-1,301,Moved Permanently,Walmart 4-9,,true,,798,114,6,36,https://walmart.com/,64,0,0
1789536747695,225,Walmart - Request 4-2,200,OK,Walmart 4-9,text,true,,350276,118,6,36,https://www.walmart.com/,119,0,0
1789536746515,1692,Ikea - Request 4,404,Not Found,Ikea 5-9,text,false,,465599,354,10,36,https://www.ikea.com/cart/,130,0,0
1789536746515,130,Ikea - Request 4-0,301,Moved Permanently,Ikea 5-9,text,true,,428,115,10,36,https://ikea.com/cart,130,0,0
1789536746645,81,Ikea - Request 4-1,301,Moved Permanently,Ikea 5-9,,true,,698,119,10,36,https://www.ikea.com/cart,81,0,0
1789536746726,1481,Ikea - Request 4-2,404,Not Found,Ikea 5-9,text,false,,464473,120,10,36,https://www.ikea.com/cart/,623,0,0
1789536746613,1602,Ikea - Request 1,404,Not Found,Ikea 5-2,text,false,,465598,354,10,36,https://www.ikea.com/home/,64,0,0
1789536746613,64,Ikea - Request 1-0,301,Moved Permanently,Ikea 5-2,text,true,,428,115,10,36,https://ikea.com/home,64,0,0
1789536746677,50,Ikea - Request 1-1,301,Moved Permanently,Ikea 5-2,,true,,697,119,10,36,https://www.ikea.com/home,50,0,0
1789536746727,1488,Ikea - Request 1-2,404,Not Found,Ikea 5-2,text,false,,464473,120,10,36,https://www.ikea.com/home/,599,0,0
1789536746610,1606,Ikea - Request 1,404,Not Found,Ikea 5-3,text,false,,465599,354,10,36,https://www.ikea.com/home/,67,0,0
1789536746610,67,Ikea - Request 1-0,301,Moved Permanently,Ikea 5-3,text,true,,428,115,10,36,https://ikea.com/home,67,0,0
1789536746677,49,Ikea - Request 1-1,301,Moved Permanently,Ikea 5-3,,true,,698,119,10,36,https://www.ikea.com/home,49,0,0
1789536746726,1490,Ikea - Request 1-2,404,Not Found,Ikea 5-3,text,false,,464473,120,10,36,https://www.ikea.com/home/,574,0,0
1789536746526,1790,Ikea - Request 1,404,Not Found,Ikea 5-4,text,false,,465599,354,10,36,https://www.ikea.com/home/,149,0,0
1789536746526,149,Ikea - Request 1-0,301,Moved Permanently,Ikea 5-4,text,true,,428,115,10,36,https://ikea.com/home,149,0,0
1789536746675,51,Ikea - Request 1-1,301,Moved Permanently,Ikea 5-4,,true,,698,119,10,36,https://www.ikea.com/home,51,0,0
1789536746726,1590,Ikea - Request 1-2,404,Not Found,Ikea 5-4,text,false,,464473,120,10,36,https://www.ikea.com/home/,586,0,0
1789536746343,2009,Walmart - Request 4,200,OK,Walmart 4-2,text,true,,351853,350,6,36,https://www.walmart.com/,57,0,0
1789536746343,57,Walmart - Request 4-0,302,Moved Temporarily,Walmart 4-2,,true,,791,118,6,36,https://walmart.com/cart,57,0,0
1789536746400,66,Walmart - Request 4-1,301,Moved Permanently,Walmart 4-2,,true,,797,114,6,36,https://walmart.com/,66,0,0
1789536746466,1886,Walmart - Request 4-2,200,OK,Walmart 4-2,text,true,,350265,118,6,36,https://www.walmart.com/,421,0,0
1789536746891,1725,Walmart - Request 4,200,OK,Walmart 4-5,text,true,,351864,350,6,36,https://www.walmart.com/,49,0,0
1789536746891,49,Walmart - Request 4-0,302,Moved Temporarily,Walmart 4-5,,true,,791,118,6,36,https://walmart.com/cart,49,0,0
1789536746940,78,Walmart - Request 4-1,301,Moved Permanently,Walmart 4-5,,true,,798,114,6,36,https://walmart.com/,78,0,0
1789536747019,1597,Walmart - Request 4-2,200,OK,Walmart 4-5,text,true,,350275,118,6,36,https://www.walmart.com/,299,0,0
1789536747759,868,Walmart - Request 5,200,OK,Walmart 4-8,text,true,,17992,437,6,36,https://www.walmart.com/blocked?url=L29yZGVycw==&uuid=01524c93-b190-11f1-8b1c-91e6263d9938&vid=&g=b,68,0,0
1789536747759,68,Walmart - Request 5-0,301,Moved Permanently,Walmart 4-8,,true,,690,120,6,36,https://walmart.com/orders,68,0,0
1789536747827,528,Walmart - Request 5-1,307,Temporary Redirect,Walmart 4-8,text,true,,1361,124,6,36,https://www.walmart.com/orders,528,0,0
1789536748355,272,Walmart - Request 5-2,200,OK,Walmart 4-8,text,true,,15941,193,6,36,https://www.walmart.com/blocked?url=L29yZGVycw==&uuid=01524c93-b190-11f1-8b1c-91e6263d9938&vid=&g=b,272,0,0
1789536746724,1997,Ikea - Request 4,404,Not Found,Ikea 5-8,text,false,,465598,354,10,35,https://www.ikea.com/cart/,15,0,0
1789536746724,15,Ikea - Request 4-0,301,Moved Permanently,Ikea 5-8,text,true,,428,115,10,35,https://ikea.com/cart,15,0,0
1789536746739,82,Ikea - Request 4-1,301,Moved Permanently,Ikea 5-8,,true,,698,119,10,35,https://www.ikea.com/cart,82,0,0
1789536746821,1900,Ikea - Request 4-2,404,Not Found,Ikea 5-8,text,false,,464472,120,10,35,https://www.ikea.com/cart/,708,0,0
1789536747921,1068,Walmart - Request 5,200,OK,Walmart 4-9,text,true,,17989,437,5,35,https://www.walmart.com/blocked?url=L29yZGVycw==&uuid=0178f6d2-b190-11f1-b68a-4dfa130842cb&vid=&g=b,70,0,0
1789536747921,70,Walmart - Request 5-0,301,Moved Permanently,Walmart 4-9,,true,,687,120,5,35,https://walmart.com/orders,70,0,0
1789536747991,621,Walmart - Request 5-1,307,Temporary Redirect,Walmart 4-9,text,true,,1360,124,5,35,https://www.walmart.com/orders,621,0,0
1789536748613,376,Walmart - Request 5-2,200,OK,Walmart 4-9,text,true,,15942,193,5,35,https://www.walmart.com/blocked?url=L29yZGVycw==&uuid=0178f6d2-b190-11f1-b68a-4dfa130842cb&vid=&g=b,376,0,0
1789536747149,2035,Ikea - Request 1,404,Not Found,Ikea 5-6,text,false,,465598,354,10,34,https://www.ikea.com/home/,294,0,0
1789536747149,294,Ikea - Request 1-0,301,Moved Permanently,Ikea 5-6,text,true,,428,115,10,34,https://ikea.com/home,294,0,0
1789536747443,181,Ikea - Request 1-1,301,Moved Permanently,Ikea 5-6,,true,,697,119,10,34,https://www.ikea.com/home,181,0,0
1789536747624,1560,Ikea - Request 1-2,404,Not Found,Ikea 5-6,text,false,,464473,120,10,34,https://www.ikea.com/home/,624,0,0
1789536747028,2163,Ikea - Request 5,404,Not Found,Ikea 5-5,text,false,,465604,360,10,34,https://www.ikea.com/orders/,22,0,0
1789536747028,22,Ikea - Request 5-0,301,Moved Permanently,Ikea 5-5,text,true,,430,117,10,34,https://ikea.com/orders,22,0,0
1789536747050,134,Ikea - Request 5-1,301,Moved Permanently,Ikea 5-5,,true,,701,121,10,34,https://www.ikea.com/orders,134,0,0
1789536747184,2007,Ikea - Request 5-2,404,Not Found,Ikea 5-5,text,false,,464473,122,10,34,https://www.ikea.com/orders/,819,0,0
1789536747024,2324,Ikea - Request 5,404,Not Found,Ikea 5-7,text,false,,465605,360,10,34,https://www.ikea.com/orders/,26,0,0
1789536747024,26,Ikea - Request 5-0,301,Moved Permanently,Ikea 5-7,text,true,,430,117,10,34,https://ikea.com/orders,26,0,0
1789536747050,142,Ikea - Request 5-1,301,Moved Permanently,Ikea 5-7,,true,,702,121,10,34,https://www.ikea.com/orders,142,0,0
1789536747193,2155,Ikea - Request 5-2,404,Not Found,Ikea 5-7,text,false,,464473,122,10,34,https://www.ikea.com/orders/,819,0,0
1789536748352,1047,Walmart - Request 5,200,OK,Walmart 4-2,text,true,,17990,437,4,34,https://www.walmart.com/blocked?url=L29yZGVycw==&uuid=01d4fd68-b190-11f1-ab14-437a2b773fd6&vid=&g=b,190,0,0
1789536748352,190,Walmart - Request 5-0,301,Moved Permanently,Walmart 4-2,,true,,687,120,4,34,https://walmart.com/orders,190,0,0
1789536748542,626,Walmart - Request 5-1,307,Temporary Redirect,Walmart 4-2,text,true,,1362,124,4,34,https://www.walmart.com/orders,626,0,0
1789536749168,231,Walmart - Request 5-2,200,OK,Walmart 4-2,text,true,,15941,193,4,34,https://www.walmart.com/blocked?url=L29yZGVycw==&uuid=01d4fd68-b190-11f1-ab14-437a2b773fd6&vid=&g=b,231,0,0
1789536747723,1739,Ikea - Request 4,404,Not Found,Ikea 5-10,text,false,,465598,354,10,33,https://www.ikea.com/cart/,35,0,0
1789536747723,35,Ikea - Request 4-0,301,Moved Permanently,Ikea 5-10,text,true,,428,115,10,33,https://ikea.com/cart,35,0,0
1789536747758,52,Ikea - Request 4-1,301,Moved Permanently,Ikea 5-10,,true,,697,119,10,33,https://www.ikea.com/cart,52,0,0
1789536747810,1652,Ikea - Request 4-2,404,Not Found,Ikea 5-10,text,false,,464473,120,10,33,https://www.ikea.com/cart/,645,0,0
1789536744250,5338,Walmart - Request 4,200,OK,Walmart 4-3,text,true,,351803,350,3,33,https://www.walmart.com/,379,0,0
1789536744250,379,Walmart - Request 4-0,302,Moved Temporarily,Walmart 4-3,,true,,790,118,3,33,https://walmart.com/cart,379,0,0
1789536744629,340,Walmart - Request 4-1,301,Moved Permanently,Walmart 4-3,,true,,798,114,3,33,https://walmart.com/,340,0,0
1789536744968,4619,Walmart - Request 4-2,200,OK,Walmart 4-3,text,true,,350215,118,3,33,https://www.walmart.com/,367,0,0
1789536748616,1145,Walmart - Request 5,200,OK,Walmart 4-5,text,true,,18061,437,3,33,https://www.walmart.com/blocked?url=L29yZGVycw==&uuid=021d14ca-b190-11f1-81ee-0a58c179e28c&vid=&g=b,352,0,0
1789536748616,352,Walmart - Request 5-0,301,Moved Permanently,Walmart 4-5,,true,,688,120,3,33,https://walmart.com/orders,352,0,0
1789536748968,688,Walmart - Request 5-1,307,Temporary Redirect,Walmart 4-5,text,true,,1432,124,3,33,https://www.walmart.com/orders,688,0,0
1789536749656,105,Walmart - Request 5-2,200,OK,Walmart 4-5,text,true,,15941,193,3,33,https://www.walmart.com/blocked?url=L29yZGVycw==&uuid=021d14ca-b190-11f1-81ee-0a58c179e28c&vid=&g=b,105,0,0
1789536748207,1763,Ikea - Request 5,404,Not Found,Ikea 5-9,text,false,,465604,360,10,32,https://www.ikea.com/orders/,111,0,0
1789536748207,111,Ikea - Request 5-0,301,Moved Permanently,Ikea 5-9,text,true,,430,117,10,32,https://ikea.com/orders,111,0,0
1789536748318,133,Ikea - Request 5-1,301,Moved Permanently,Ikea 5-9,,true,,701,121,10,32,https://www.ikea.com/orders,133,0,0
1789536748451,1519,Ikea - Request 5-2,404,Not Found,Ikea 5-9,text,false,,464473,122,10,32,https://www.ikea.com/orders/,707,0,0
1789536748216,1876,Ikea - Request 2,404,Not Found,Ikea 5-2,text,false,,465604,360,10,32,https://www.ikea.com/search/,103,0,0
1789536748216,103,Ikea - Request 2-0,301,Moved Permanently,Ikea 5-2,text,true,,430,117,10,32,https://ikea.com/search,103,0,0
1789536748319,132,Ikea - Request 2-1,301,Moved Permanently,Ikea 5-2,,true,,701,121,10,32,https://www.ikea.com/search,132,0,0
1789536748451,1641,Ikea - Request 2-2,404,Not Found,Ikea 5-2,text,false,,464473,122,10,32,https://www.ikea.com/search/,757,0,0
1789536748316,2242,Ikea - Request 2,404,Not Found,Ikea 5-4,text,false,,465605,360,10,32,https://www.ikea.com/search/,131,0,0
1789536748316,131,Ikea - Request 2-0,301,Moved Permanently,Ikea 5-4,text,true,,430,117,10,32,https://ikea.com/search,131,0,0
1789536748448,145,Ikea - Request 2-1,301,Moved Permanently,Ikea 5-4,,true,,702,121,10,32,https://www.ikea.com/search,145,0,0
1789536748594,1964,Ikea - Request 2-2,404,Not Found,Ikea 5-4,text,false,,464473,122,10,32,https://www.ikea.com/search/,909,0,0
1789536746061,4932,Ikea - Request 4,404,Not Found,Ikea 5-1,text,false,,465599,354,10,32,https://www.ikea.com/cart/,20,0,0
1789536746061,20,Ikea - Request 4-0,301,Moved Permanently,Ikea 5-1,text,true,,428,115,10,32,https://ikea.com/cart,20,0,0
1789536746082,35,Ikea - Request 4-1,301,Moved Permanently,Ikea 5-1,,true,,698,119,10,32,https://www.ikea.com/cart,35,0,0
1789536746117,4876,Ikea - Request 4-2,404,Not Found,Ikea 5-1,text,false,,464473,120,10,32,https://www.ikea.com/cart/,1284,0,0
1789536748216,2799,Ikea - Request 2,404,Not Found,Ikea 5-3,text,false,,465604,360,10,32,https://www.ikea.com/search/,142,0,0
1789536748216,142,Ikea - Request 2-0,301,Moved Permanently,Ikea 5-3,text,true,,430,117,10,32,https://ikea.com/search,142,0,0
1789536748358,235,Ikea - Request 2-1,301,Moved Permanently,Ikea 5-3,,true,,702,121,10,32,https://www.ikea.com/search,235,0,0
1789536748593,2422,Ikea - Request 2-2,404,Not Found,Ikea 5-3,text,false,,464472,122,10,32,https://www.ikea.com/search/,1088,0,0
1789536749587,1455,Walmart - Request 5,200,OK,Walmart 4-3,text,true,,18060,437,2,32,https://www.walmart.com/blocked?url=L29yZGVycw==&uuid=02689630-b190-11f1-b9d9-575ed6e40d18&vid=&g=b,26,0,0
1789536749587,26,Walmart - Request 5-0,301,Moved Permanently,Walmart 4-3,,true,,688,120,2,32,https://walmart.com/orders,26,0,0
1789536749614,688,Walmart - Request 5-1,307,Temporary Redirect,Walmart 4-3,text,true,,1431,124,2,32,https://www.walmart.com/orders,688,0,0
1789536750302,740,Walmart - Request 5-2,200,OK,Walmart 4-3,text,true,,15941,193,2,32,https://www.walmart.com/blocked?url=L29yZGVycw==&uuid=02689630-b190-11f1-b9d9-575ed6e40d18&vid=&g=b,740,0,0
1789536749184,1956,Ikea - Request 2,404,Not Found,Ikea 5-6,text,false,,465604,360,10,32,https://www.ikea.com/search/,118,0,0
1789536749184,118,Ikea - Request 2-0,301,Moved Permanently,Ikea 5-6,text,true,,430,117,10,32,https://ikea.com/search,118,0,0
1789536749302,85,Ikea - Request 2-1,301,Moved Permanently,Ikea 5-6,,true,,701,121,10,32,https://www.ikea.com/search,85,0,0
1789536749387,1753,Ikea - Request 2-2,404,Not Found,Ikea 5-6,text,false,,464473,122,10,32,https://www.ikea.com/search/,602,0,0
1789536749463,1947,Ikea - Request 5,404,Not Found,Ikea 5-10,text,false,,465605,360,10,32,https://www.ikea.com/orders/,10,0,0
1789536749463,11,Ikea - Request 5-0,301,Moved Permanently,Ikea 5-10,text,true,,430,117,10,32,https://ikea.com/orders,10,0,0
1789536749474,28,Ikea - Request 5-1,301,Moved Permanently,Ikea 5-10,,true,,702,121,10,32,https://www.ikea.com/orders,28,0,0
1789536749502,1908,Ikea - Request 5-2,404,Not Found,Ikea 5-10,text,false,,464473,122,10,32,https://www.ikea.com/orders/,574,0,0
1789536748722,2734,Ikea - Request 5,404,Not Found,Ikea 5-8,text,false,,465604,360,10,32,https://www.ikea.com/orders/,219,0,0
1789536748722,219,Ikea - Request 5-0,301,Moved Permanently,Ikea 5-8,text,true,,430,117,10,32,https://ikea.com/orders,219,0,0
1789536748941,258,Ikea - Request 5-1,301,Moved Permanently,Ikea 5-8,,true,,701,121,10,32,https://www.ikea.com/orders,258,0,0
1789536749199,2257,Ikea - Request 5-2,404,Not Found,Ikea 5-8,text,false,,464473,122,10,32,https://www.ikea.com/orders/,741,0,0
1789536749348,2191,Ikea - Request 1,404,Not Found,Ikea 5-7,text,false,,465599,354,10,32,https://www.ikea.com/home/,39,0,0
1789536749348,39,Ikea - Request 1-0,301,Moved Permanently,Ikea 5-7,text,true,,428,115,10,32,https://ikea.com/home,39,0,0
1789536749387,37,Ikea - Request 1-1,301,Moved Permanently,Ikea 5-7,,true,,698,119,10,32,https://www.ikea.com/home,37,0,0
1789536749424,2115,Ikea - Request 1-2,404,Not Found,Ikea 5-7,text,false,,464473,120,10,32,https://www.ikea.com/home/,751,0,0
1789536749191,2502,Ikea - Request 1,404,Not Found,Ikea 5-5,text,false,,465598,354,10,32,https://www.ikea.com/home/,111,0,0
1789536749191,111,Ikea - Request 1-0,301,Moved Permanently,Ikea 5-5,text,true,,428,115,10,32,https://ikea.com/home,111,0,0
1789536749302,85,Ikea - Request 1-1,301,Moved Permanently,Ikea 5-5,,true,,697,119,10,32,https://www.ikea.com/home,85,0,0
1789536749387,2306,Ikea - Request 1-2,404,Not Found,Ikea 5-5,text,false,,464473,120,10,32,https://www.ikea.com/home/,660,0,0
1789536749970,2072,Ikea - Request 1,404,Not Found,Ikea 5-9,text,false,,465598,354,10,32,https://www.ikea.com/home/,154,0,0
1789536749970,154,Ikea - Request 1-0,301,Moved Permanently,Ikea 5-9,text,true,,428,115,10,32,https://ikea.com/home,154,0,0
1789536750124,99,Ikea - Request 1-1,301,Moved Permanently,Ikea 5-9,,true,,697,119,10,32,https://www.ikea.com/home,99,0,0
1789536750223,1819,Ikea - Request 1-2,404,Not Found,Ikea 5-9,text,false,,464473,120,10,32,https://www.ikea.com/home/,927,0,0
1789536751042,1092,Walmart - Request 1,200,OK,Walmart 4-3,text,true,,18056,429,2,32,https://www.walmart.com/blocked?url=L2hvbWU=&uuid=03518e8a-b190-11f1-aedc-437a2b773fd6&vid=&g=b,140,0,0
1789536751042,140,Walmart - Request 1-0,301,Moved Permanently,Walmart 4-3,,true,,686,118,2,32,https://walmart.com/home,140,0,0
1789536751182,546,Walmart - Request 1-1,307,Temporary Redirect,Walmart 4-3,text,true,,1428,122,2,32,https://www.walmart.com/home,546,0,0
1789536751728,406,Walmart - Request 1-2,200,OK,Walmart 4-3,text,true,,15942,189,2,32,https://www.walmart.com/blocked?url=L2hvbWU=&uuid=03518e8a-b190-11f1-aedc-437a2b773fd6&vid=&g=b,406,0,0
1789536750559,1928,Ikea - Request 3,404,Not Found,Ikea 5-4,text,false,,465608,363,10,32,https://www.ikea.com/product/,404,0,0
1789536750559,404,Ikea - Request 3-0,301,Moved Permanently,Ikea 5-4,text,true,,431,118,10,32,https://ikea.com/product,404,0,0
1789536750963,226,Ikea - Request 3-1,301,Moved Permanently,Ikea 5-4,,true,,704,122,10,32,https://www.ikea.com/product,226,0,0
1789536751189,1298,Ikea - Request 3-2,404,Not Found,Ikea 5-4,text,false,,464473,123,10,32,https://www.ikea.com/product/,695,0,0
1789536750093,2469,Ikea - Request 3,404,Not Found,Ikea 5-2,text,false,,465607,363,10,32,https://www.ikea.com/product/,83,0,0
1789536750093,83,Ikea - Request 3-0,301,Moved Permanently,Ikea 5-2,text,true,,431,118,10,32,https://ikea.com/product,83,0,0
1789536750176,384,Ikea - Request 3-1,301,Moved Permanently,Ikea 5-2,,true,,703,122,10,32,https://www.ikea.com/product,384,0,0
1789536750560,2002,Ikea - Request 3-2,404,Not Found,Ikea 5-2,text,false,,464473,123,10,32,https://www.ikea.com/product/,927,0,0
1789536746047,6558,Walmart - Request 4,200,OK,Walmart 4-7,text,true,,351767,350,2,32,https://www.walmart.com/,52,0,0
1789536746047,52,Walmart - Request 4-0,302,Moved Temporarily,Walmart 4-7,,true,,791,118,2,32,https://walmart.com/cart,52,0,0
1789536746099,33,Walmart - Request 4-1,301,Moved Permanently,Walmart 4-7,,true,,797,114,2,32,https://walmart.com/,33,0,0
1789536746132,6473,Walmart - Request 4-2,200,OK,Walmart 4-7,text,true,,350179,118,2,32,https://www.walmart.com/,490,0,0
1789536751015,1853,Ikea - Request 3,404,Not Found,Ikea 5-3,text,false,,465608,363,10,32,https://www.ikea.com/product/,134,0,0
1789536751015,134,Ikea - Request 3-0,301,Moved Permanently,Ikea 5-3,text,true,,431,118,10,32,https://ikea.com/product,134,0,0
1789536751149,79,Ikea - Request 3-1,301,Moved Permanently,Ikea 5-3,,true,,704,122,10,32,https://www.ikea.com/product,79,0,0
1789536751228,1640,Ikea - Request 3-2,404,Not Found,Ikea 5-3,text,false,,464473,123,10,32,https://www.ikea.com/product/,686,0,0
1789536751140,1924,Ikea - Request 3,404,Not Found,Ikea 5-6,text,false,,465607,363,10,32,https://www.ikea.com/product/,79,0,0
1789536751140,79,Ikea - Request 3-0,301,Moved Permanently,Ikea 5-6,text,true,,431,118,10,32,https://ikea.com/product,79,0,0
1789536751219,174,Ikea - Request 3-1,301,Moved Permanently,Ikea 5-6,,true,,704,122,10,32,https://www.ikea.com/product,174,0,0
1789536751394,1670,Ikea - Request 3-2,404,Not Found,Ikea 5-6,text,false,,464472,123,10,32,https://www.ikea.com/product/,649,0,0
1789536752134,1315,Walmart - Request 2,200,OK,Walmart 4-3,text,true,,18211,437,2,32,https://www.walmart.com/blocked?url=L3NlYXJjaA==&uuid=0425e40d-b190-11f1-a971-90ec8f16e2ca&vid=&g=b,439,0,0
1789536752134,439,Walmart - Request 2-0,301,Moved Permanently,Walmart 4-3,,true,,799,120,2,32,https://walmart.com/search,439,0,0
1789536752573,490,Walmart - Request 2-1,307,Temporary Redirect,Walmart 4-3,text,true,,1471,124,2,32,https://www.walmart.com/search,490,0,0
1789536753063,386,Walmart - Request 2-2,200,OK,Walmart 4-3,text,true,,15941,193,2,32,https://www.walmart.com/blocked?url=L3NlYXJjaA==&uuid=0425e40d-b190-11f1-a971-90ec8f16e2ca&vid=&g=b,386,0,0
1789536751540,2086,Ikea - Request 2,404,Not Found,Ikea 5-7,text,false,,465609,360,10,32,https://www.ikea.com/search/,104,0,0
1789536751540,104,Ikea - Request 2-0,301,Moved Permanently,Ikea 5-7,text,true,,430,117,10,32,https://ikea.com/search,104,0,0
1789536751644,82,Ikea - Request 2-1,301,Moved Permanently,Ikea 5-7,,true,,702,121,10,32,https://www.ikea.com/search,82,0,0
1789536751726,1900,Ikea - Request 2-2,404,Not Found,Ikea 5-7,text,false,,464477,122,10,32,https://www.ikea.com/search/,761,0,0
1789536751457,2343,Ikea - Request 1,404,Not Found,Ikea 5-8,text,false,,465599,354,10,32,https://www.ikea.com/home/,29,0,0
1789536751457,29,Ikea - Request 1-0,301,Moved Permanently,Ikea 5-8,text,true,,428,115,10,32,https://ikea.com/home,29,0,0
1789536751486,157,Ikea - Request 1-1,301,Moved Permanently,Ikea 5-8,,true,,698,119,10,32,https://www.ikea.com/home,157,0,0
1789536751643,2157,Ikea - Request 1-2,404,Not Found,Ikea 5-8,text,false,,464473,120,10,32,https://www.ikea.com/home/,649,0,0
1789536750993,2889,Ikea - Request 5,404,Not Found,Ikea 5-1,text,false,,465604,360,10,32,https://www.ikea.com/orders/,156,0,0
1789536750993,156,Ikea - Request 5-0,301,Moved Permanently,Ikea 5-1,text,true,,430,117,10,32,https://ikea.com/orders,156,0,0
1789536751149,78,Ikea - Request 5-1,301,Moved Permanently,Ikea 5-1,,true,,701,121,10,32,https://www.ikea.com/orders,78,0,0
1789536751227,2655,Ikea - Request 5-2,404,Not Found,Ikea 5-1,text,false,,464473,122,10,32,https://www.ikea.com/orders/,1293,0,0
1789536752042,1927,Ikea - Request 2,404,Not Found,Ikea 5-9,text,false,,465605,360,10,32,https://www.ikea.com/search/,25,0,0
1789536752042,26,Ikea - Request 2-0,301,Moved Permanently,Ikea 5-9,text,true,,430,117,10,32,https://ikea.com/search,25,0,0
1789536752068,83,Ikea - Request 2-1,301,Moved Permanently,Ikea 5-9,,true,,702,121,10,32,https://www.ikea.com/search,83,0,0
1789536752151,1818,Ikea - Request 2-2,404,Not Found,Ikea 5-9,text,false,,464473,122,10,32,https://www.ikea.com/search/,703,0,0
1789536751410,2649,Ikea - Request 1,404,Not Found,Ikea 5-10,text,false,,465599,354,10,32,https://www.ikea.com/home/,37,0,0
1789536751410,37,Ikea - Request 1-0,301,Moved Permanently,Ikea 5-10,text,true,,428,115,10,32,https://ikea.com/home,37,0,0
1789536751448,39,Ikea - Request 1-1,301,Moved Permanently,Ikea 5-10,,true,,698,119,10,32,https://www.ikea.com/home,39,0,0
1789536751487,2572,Ikea - Request 1-2,404,Not Found,Ikea 5-10,text,false,,464473,120,10,32,https://www.ikea.com/home/,723,0,0
1789536752562,1735,Ikea - Request 4,404,Not Found,Ikea 5-2,text,false,,465599,354,10,32,https://www.ikea.com/cart/,65,0,0
1789536752562,65,Ikea - Request 4-0,301,Moved Permanently,Ikea 5-2,text,true,,428,115,10,32,https://ikea.com/cart,65,0,0
1789536752628,210,Ikea - Request 4-1,301,Moved Permanently,Ikea 5-2,,true,,698,119,10,32,https://www.ikea.com/cart,210,0,0
1789536752838,1459,Ikea - Request 4-2,404,Not Found,Ikea 5-2,text,false,,464473,120,10,32,https://www.ikea.com/cart/,600,0,0
1789536752605,1703,Walmart - Request 5,200,OK,Walmart 4-7,text,true,,17991,437,2,32,https://www.walmart.com/blocked?url=L29yZGVycw==&uuid=0470ac5d-b190-11f1-b857-c33805fdcde3&vid=&g=b,352,0,0
1789536752605,352,Walmart - Request 5-0,301,Moved Permanently,Walmart 4-7,,true,,687,120,2,32,https://walmart.com/orders,352,0,0
1789536752958,716,Walmart - Request 5-1,307,Temporary Redirect,Walmart 4-7,text,true,,1362,124,2,32,https://www.walmart.com/orders,716,0,0
1789536753674,634,Walmart - Request 5-2,200,OK,Walmart 4-7,text,true,,15942,193,2,32,https://www.walmart.com/blocked?url=L29yZGVycw==&uuid=0470ac5d-b190-11f1-b857-c33805fdcde3&vid=&g=b,634,0,0
1789536752487,2024,Ikea - Request 4,404,Not Found,Ikea 5-4,text,false,,465599,354,10,32,https://www.ikea.com/cart/,140,0,0
1789536752487,141,Ikea - Request 4-0,301,Moved Permanently,Ikea 5-4,text,true,,428,115,10,32,https://ikea.com/cart,140,0,0
1789536752628,210,Ikea - Request 4-1,301,Moved Permanently,Ikea 5-4,,true,,698,119,10,32,https://www.ikea.com/cart,210,0,0
1789536752838,1673,Ikea - Request 4-2,404,Not Found,Ikea 5-4,text,false,,464473,120,10,32,https://www.ikea.com/cart/,614,0,0
1789536751693,3135,Ikea - Request 2,404,Not Found,Ikea 5-5,text,false,,465604,360,10,32,https://www.ikea.com/search/,33,0,0
1789536751693,33,Ikea - Request 2-0,301,Moved Permanently,Ikea 5-5,text,true,,430,117,10,32,https://ikea.com/search,33,0,0
1789536751726,26,Ikea - Request 2-1,301,Moved Permanently,Ikea 5-5,,true,,701,121,10,32,https://www.ikea.com/search,26,0,0
1789536751752,3076,Ikea - Request 2-2,404,Not Found,Ikea 5-5,text,false,,464473,122,10,32,https://www.ikea.com/search/,794,0,0
1789536754309,782,Walmart - Request 1,200,OK,Walmart 4-7,text,true,,17985,429,2,32,https://www.walmart.com/blocked?url=L2hvbWU=&uuid=05377e0f-b190-11f1-ba46-c33805fdcde3&vid=&g=b,83,0,0
1789536754309,83,Walmart - Request 1-0,301,Moved Permanently,Walmart 4-7,,true,,685,118,2,32,https://walmart.com/home,83,0,0
1789536754392,424,Walmart - Request 1-1,307,Temporary Redirect,Walmart 4-7,text,true,,1358,122,2,32,https://www.walmart.com/home,424,0,0
1789536754816,275,Walmart - Request 1-2,200,OK,Walmart 4-7,text,true,,15942,189,2,32,https://www.walmart.com/blocked?url=L2hvbWU=&uuid=05377e0f-b190-11f1-ba46-c33805fdcde3&vid=&g=b,275,0,0
1789536752868,2251,Ikea - Request 4,404,Not Found,Ikea 5-3,text,false,,465599,354,10,32,https://www.ikea.com/cart/,153,0,0
1789536752868,153,Ikea - Request 4-0,301,Moved Permanently,Ikea 5-3,text,true,,428,115,10,32,https://ikea.com/cart,153,0,0
1789536753021,218,Ikea - Request 4-1,301,Moved Permanently,Ikea 5-3,,true,,698,119,10,32,https://www.ikea.com/cart,218,0,0
1789536753239,1880,Ikea - Request 4-2,404,Not Found,Ikea 5-3,text,false,,464473,120,10,32,https://www.ikea.com/cart/,1027,0,0
1789536753449,1785,Walmart - Request 3,200,OK,Walmart 4-3,text,true,,18063,439,2,32,https://www.walmart.com/blocked?url=L3Byb2R1Y3Q=&uuid=054aacb7-b190-11f1-8113-575ed6e40d18&vid=&g=b,1067,0,0
1789536753449,1067,Walmart - Request 3-0,301,Moved Permanently,Walmart 4-3,,true,,689,121,2,32,https://walmart.com/product,1067,0,0
1789536754516,506,Walmart - Request 3-1,307,Temporary Redirect,Walmart 4-3,text,true,,1432,125,2,32,https://www.walmart.com/product,506,0,0
1789536755023,211,Walmart - Request 3-2,200,OK,Walmart 4-3,text,true,,15942,193,2,32,https://www.walmart.com/blocked?url=L3Byb2R1Y3Q=&uuid=054aacb7-b190-11f1-8113-575ed6e40d18&vid=&g=b,211,0,0
1789536753883,1545,Ikea - Request 1,404,Not Found,Ikea 5-1,text,false,,465599,354,10,32,https://www.ikea.com/home/,260,0,0
1789536753883,260,Ikea - Request 1-0,301,Moved Permanently,Ikea 5-1,text,true,,428,115,10,32,https://ikea.com/home,260,0,0
1789536754143,23,Ikea - Request 1-1,301,Moved Permanently,Ikea 5-1,,true,,698,119,10,32,https://www.ikea.com/home,23,0,0
1789536754166,1262,Ikea - Request 1-2,404,Not Found,Ikea 5-1,text,false,,464473,120,10,32,https://www.ikea.com/home/,709,0,0
1789536753064,2588,Ikea - Request 4,404,Not Found,Ikea 5-6,text,false,,465599,354,10,32,https://www.ikea.com/cart/,177,0,0
1789536753064,177,Ikea - Request 4-0,301,Moved Permanently,Ikea 5-6,text,true,,428,115,10,32,https://ikea.com/cart,177,0,0
1789536753241,524,Ikea - Request 4-1,301,Moved Permanently,Ikea 5-6,,true,,698,119,10,32,https://www.ikea.com/cart,524,0,0
1789536753765,1887,Ikea - Request 4-2,404,Not Found,Ikea 5-6,text,false,,464473,120,10,32,https://www.ikea.com/cart/,929,0,0
1789536753969,1713,Ikea - Request 3,404,Not Found,Ikea 5-9,text,false,,465608,363,10,32,https://www.ikea.com/product/,174,0,0
1789536753969,174,Ikea - Request 3-0,301,Moved Permanently,Ikea 5-9,text,true,,431,118,10,32,https://ikea.com/product,174,0,0
1789536754143,20,Ikea - Request 3-1,301,Moved Permanently,Ikea 5-9,,true,,704,122,10,32,https://www.ikea.com/product,20,0,0
1789536754163,1519,Ikea - Request 3-2,404,Not Found,Ikea 5-9,text,false,,464473,123,10,32,https://www.ikea.com/product/,639,0,0
1789536753800,2107,Ikea - Request 2,404,Not Found,Ikea 5-8,text,false,,465605,360,10,32,https://www.ikea.com/search/,343,0,0
1789536753800,343,Ikea - Request 2-0,301,Moved Permanently,Ikea 5-8,text,true,,430,117,10,32,https://ikea.com/search,343,0,0
1789536754143,24,Ikea - Request 2-1,301,Moved Permanently,Ikea 5-8,,true,,702,121,10,32,https://www.ikea.com/search,24,0,0
1789536754167,1740,Ikea - Request 2-2,404,Not Found,Ikea 5-8,text,false,,464473,122,10,32,https://www.ikea.com/search/,638,0,0
1789536753626,2286,Ikea - Request 3,404,Not Found,Ikea 5-7,text,false,,465608,363,10,32,https://www.ikea.com/product/,486,0,0
1789536753626,486,Ikea - Request 3-0,301,Moved Permanently,Ikea 5-7,text,true,,431,118,10,32,https://ikea.com/product,486,0,0
1789536754112,50,Ikea - Request 3-1,301,Moved Permanently,Ikea 5-7,,true,,704,122,10,32,https://www.ikea.com/product,50,0,0
1789536754162,1750,Ikea - Request 3-2,404,Not Found,Ikea 5-7,text,false,,464473,123,10,32,https://www.ikea.com/product/,580,0,0
1789536754297,1637,Ikea - Request 5,404,Not Found,Ikea 5-2,text,false,,465605,360,10,32,https://www.ikea.com/orders/,71,0,0
1789536754297,71,Ikea - Request 5-0,301,Moved Permanently,Ikea 5-2,text,true,,430,117,10,32,https://ikea.com/orders,71,0,0
1789536754369,40,Ikea - Request 5-1,301,Moved Permanently,Ikea 5-2,,true,,702,121,10,32,https://www.ikea.com/orders,40,0,0
1789536754409,1525,Ikea - Request 5-2,404,Not Found,Ikea 5-2,text,false,,464473,122,10,32,https://www.ikea.com/orders/,601,0,0
1789536754511,1429,Ikea - Request 5,404,Not Found,Ikea 5-4,text,false,,465604,360,9,31,https://www.ikea.com/orders/,14,0,0
1789536754511,14,Ikea - Request 5-0,301,Moved Permanently,Ikea 5-4,text,true,,430,117,9,31,https://ikea.com/orders,14,0,0
1789536754525,59,Ikea - Request 5-1,301,Moved Permanently,Ikea 5-4,,true,,702,121,9,31,https://www.ikea.com/orders,59,0,0
1789536754585,1355,Ikea - Request 5-2,404,Not Found,Ikea 5-4,text,false,,464472,122,9,31,https://www.ikea.com/orders/,629,0,0
1789536755092,1024,Walmart - Request 2,200,OK,Walmart 4-7,text,true,,18214,437,2,30,https://www.walmart.com/blocked?url=L3NlYXJjaA==&uuid=05e138ad-b190-11f1-9e7d-a40594af396d&vid=&g=b,359,0,0
1789536755092,359,Walmart - Request 2-0,301,Moved Permanently,Walmart 4-7,,true,,802,120,2,30,https://walmart.com/search,359,0,0
1789536755451,477,Walmart - Request 2-1,307,Temporary Redirect,Walmart 4-7,text,true,,1471,124,2,30,https://www.walmart.com/search,477,0,0
1789536755928,188,Walmart - Request 2-2,200,OK,Walmart 4-7,text,true,,15941,193,2,30,https://www.walmart.com/blocked?url=L3NlYXJjaA==&uuid=05e138ad-b190-11f1-9e7d-a40594af396d&vid=&g=b,188,0,0
1789536754060,2091,Ikea - Request 2,404,Not Found,Ikea 5-10,text,false,,465605,360,8,30,https://www.ikea.com/search/,83,0,0
1789536754060,84,Ikea - Request 2-0,301,Moved Permanently,Ikea 5-10,text,true,,430,117,8,30,https://ikea.com/search,83,0,0
1789536754144,22,Ikea - Request 2-1,301,Moved Permanently,Ikea 5-10,,true,,702,121,8,30,https://www.ikea.com/search,22,0,0
1789536754166,1985,Ikea - Request 2-2,404,Not Found,Ikea 5-10,text,false,,464473,122,8,30,https://www.ikea.com/search/,690,0,0
1789536754828,1906,Ikea - Request 3,404,Not Found,Ikea 5-5,text,false,,465608,363,8,30,https://www.ikea.com/product/,82,0,0
1789536754828,82,Ikea - Request 3-0,301,Moved Permanently,Ikea 5-5,text,true,,431,118,8,30,https://ikea.com/product,82,0,0
1789536754910,16,Ikea - Request 3-1,301,Moved Permanently,Ikea 5-5,,true,,704,122,8,30,https://www.ikea.com/product,16,0,0
1789536754926,1808,Ikea - Request 3-2,404,Not Found,Ikea 5-5,text,false,,464473,123,8,30,https://www.ikea.com/product/,711,0,0
1789536756116,629,Walmart - Request 3,200,OK,Walmart 4-7,text,true,,17991,439,2,30,https://www.walmart.com/blocked?url=L3Byb2R1Y3Q=&uuid=06412800-b190-11f1-9d7b-f6ce66ca608e&vid=&g=b,26,0,0
1789536756116,26,Walmart - Request 3-0,301,Moved Permanently,Walmart 4-7,,true,,689,121,2,30,https://walmart.com/product,26,0,0
1789536756142,398,Walmart - Request 3-1,307,Temporary Redirect,Walmart 4-7,text,true,,1361,125,2,30,https://www.walmart.com/product,398,0,0
1789536756540,205,Walmart - Request 3-2,200,OK,Walmart 4-7,text,true,,15941,193,2,30,https://www.walmart.com/blocked?url=L3Byb2R1Y3Q=&uuid=06412800-b190-11f1-9d7b-f6ce66ca608e&vid=&g=b,205,0,0
1789536755428,1388,Ikea - Request 2,404,Not Found,Ikea 5-1,text,false,,465605,360,8,30,https://www.ikea.com/search/,118,0,0
1789536755428,118,Ikea - Request 2-0,301,Moved Permanently,Ikea 5-1,text,true,,430,117,8,30,https://ikea.com/search,118,0,0
1789536755546,217,Ikea - Request 2-1,301,Moved Permanently,Ikea 5-1,,true,,702,121,8,30,https://www.ikea.com/search,217,0,0
1789536755763,1053,Ikea - Request 2-2,404,Not Found,Ikea 5-1,text,false,,464473,122,8,30,https://www.ikea.com/search/,642,0,0
1789536755119,2094,Ikea - Request 5,404,Not Found,Ikea 5-3,text,false,,465605,360,8,30,https://www.ikea.com/orders/,221,0,0
1789536755119,221,Ikea - Request 5-0,301,Moved Permanently,Ikea 5-3,text,true,,430,117,8,30,https://ikea.com/orders,221,0,0
1789536755340,241,Ikea - Request 5-1,301,Moved Permanently,Ikea 5-3,,true,,702,121,8,30,https://www.ikea.com/orders,241,0,0
1789536755581,1632,Ikea - Request 5-2,404,Not Found,Ikea 5-3,text,false,,464473,122,8,30,https://www.ikea.com/orders/,730,0,0
1789536755653,1662,Ikea - Request 5,404,Not Found,Ikea 5-6,text,false,,465604,360,7,29,https://www.ikea.com/orders/,107,0,0
1789536755653,107,Ikea - Request 5-0,301,Moved Permanently,Ikea 5-6,text,true,,430,117,7,29,https://ikea.com/orders,107,0,0
1789536755760,48,Ikea - Request 5-1,301,Moved Permanently,Ikea 5-6,,true,,701,121,7,29,https://www.ikea.com/orders,48,0,0
1789536755808,1507,Ikea - Request 5-2,404,Not Found,Ikea 5-6,text,false,,464473,122,7,29,https://www.ikea.com/orders/,665,0,0
1789536755682,1675,Ikea - Request 4,404,Not Found,Ikea 5-9,text,false,,465598,354,6,28,https://www.ikea.com/cart/,78,0,0
1789536755682,78,Ikea - Request 4-0,301,Moved Permanently,Ikea 5-9,text,true,,428,115,6,28,https://ikea.com/cart,78,0,0
1789536755760,48,Ikea - Request 4-1,301,Moved Permanently,Ikea 5-9,,true,,697,119,6,28,https://www.ikea.com/cart,48,0,0
1789536755808,1549,Ikea - Request 4-2,404,Not Found,Ikea 5-9,text,false,,464473,120,6,28,https://www.ikea.com/cart/,649,0,0
1789536755912,1482,Ikea - Request 4,404,Not Found,Ikea 5-7,text,false,,465599,354,6,28,https://www.ikea.com/cart/,9,0,0
1789536755912,9,Ikea - Request 4-0,301,Moved Permanently,Ikea 5-7,text,true,,428,115,6,28,https://ikea.com/cart,9,0,0
1789536755922,34,Ikea - Request 4-1,301,Moved Permanently,Ikea 5-7,,true,,698,119,6,28,https://www.ikea.com/cart,34,0,0
1789536755956,1438,Ikea - Request 4-2,404,Not Found,Ikea 5-7,text,false,,464473,120,6,28,https://www.ikea.com/cart/,613,0,0
1789536755907,1524,Ikea - Request 3,404,Not Found,Ikea 5-8,text,false,,465606,363,6,28,https://www.ikea.com/product/,14,0,0
1789536755907,14,Ikea - Request 3-0,301,Moved Permanently,Ikea 5-8,text,true,,431,118,6,28,https://ikea.com/product,14,0,0
1789536755922,34,Ikea - Request 3-1,301,Moved Permanently,Ikea 5-8,,true,,702,122,6,28,https://www.ikea.com/product,34,0,0
1789536755956,1475,Ikea - Request 3-2,404,Not Found,Ikea 5-8,text,false,,464473,123,6,28,https://www.ikea.com/product/,635,0,0
1789536756151,1613,Ikea - Request 3,404,Not Found,Ikea 5-10,text,false,,465608,363,6,28,https://www.ikea.com/product/,12,0,0
1789536756151,13,Ikea - Request 3-0,301,Moved Permanently,Ikea 5-10,text,true,,431,118,6,28,https://ikea.com/product,12,0,0
1789536756164,33,Ikea - Request 3-1,301,Moved Permanently,Ikea 5-10,,true,,704,122,6,28,https://www.ikea.com/product,33,0,0
1789536756197,1567,Ikea - Request 3-2,404,Not Found,Ikea 5-10,text,false,,464473,123,6,28,https://www.ikea.com/product/,662,0,0
1789536755234,2870,Walmart - Request 4,200,OK,Walmart 4-3,text,true,,351806,350,2,28,https://www.walmart.com/,319,0,0
1789536755234,319,Walmart - Request 4-0,302,Moved Temporarily,Walmart 4-3,,true,,792,118,2,28,https://walmart.com/cart,319,0,0
1789536755553,219,Walmart - Request 4-1,301,Moved Permanently,Walmart 4-3,,true,,799,114,2,28,https://walmart.com/,219,0,0
1789536755772,2332,Walmart - Request 4-2,200,OK,Walmart 4-3,text,true,,350215,118,2,28,https://www.walmart.com/,214,0,0
1789536756817,1454,Ikea - Request 3,404,Not Found,Ikea 5-1,text,false,,465608,363,6,28,https://www.ikea.com/product/,9,0,0
1789536756817,9,Ikea - Request 3-0,301,Moved Permanently,Ikea 5-1,text,true,,431,118,6,28,https://ikea.com/product,9,0,0
1789536756827,28,Ikea - Request 3-1,301,Moved Permanently,Ikea 5-1,,true,,704,122,6,28,https://www.ikea.com/product,28,0,0
1789536756855,1416,Ikea - Request 3-2,404,Not Found,Ikea 5-1,text,false,,464473,123,6,28,https://www.ikea.com/product/,577,0,0
1789536756734,1620,Ikea - Request 4,404,Not Found,Ikea 5-5,text,false,,465598,354,6,28,https://www.ikea.com/cart/,17,0,0
1789536756734,17,Ikea - Request 4-0,301,Moved Permanently,Ikea 5-5,text,true,,428,115,6,28,https://ikea.com/cart,17,0,0
1789536756751,13,Ikea - Request 4-1,301,Moved Permanently,Ikea 5-5,,true,,697,119,6,28,https://www.ikea.com/cart,13,0,0
1789536756765,1589,Ikea - Request 4-2,404,Not Found,Ikea 5-5,text,false,,464473,120,6,28,https://www.ikea.com/cart/,687,0,0
1789536757764,1065,Ikea - Request 4,404,Not Found,Ikea 5-10,text,false,,465597,354,6,28,https://www.ikea.com/cart/,8,0,0
1789536757764,8,Ikea - Request 4-0,301,Moved Permanently,Ikea 5-10,text,true,,428,115,6,28,https://ikea.com/cart,8,0,0
1789536757772,12,Ikea - Request 4-1,301,Moved Permanently,Ikea 5-10,,true,,696,119,6,28,https://www.ikea.com/cart,12,0,0
1789536757784,1045,Ikea - Request 4-2,404,Not Found,Ikea 5-10,text,false,,464473,120,6,28,https://www.ikea.com/cart/,608,0,0
1789536756746,2099,Walmart - Request 4,200,OK,Walmart 4-7,text,true,,351770,350,2,28,https://www.walmart.com/,90,0,0
1789536756746,90,Walmart - Request 4-0,302,Moved Temporarily,Walmart 4-7,,true,,793,118,2,28,https://walmart.com/cart,90,0,0
1789536756836,47,Walmart - Request 4-1,301,Moved Permanently,Walmart 4-7,,true,,799,114,2,28,https://walmart.com/,47,0,0
1789536756883,1962,Walmart - Request 4-2,200,OK,Walmart 4-7,text,true,,350178,118,2,28,https://www.walmart.com/,266,0,0
1789536757357,1559,Ikea - Request 5,404,Not Found,Ikea 5-9,text,false,,465604,360,6,28,https://www.ikea.com/orders/,10,0,0
1789536757357,10,Ikea - Request 5-0,301,Moved Permanently,Ikea 5-9,text,true,,430,117,6,28,https://ikea.com/orders,10,0,0
1789536757367,22,Ikea - Request 5-1,301,Moved Permanently,Ikea 5-9,,true,,701,121,6,28,https://www.ikea.com/orders,22,0,0
1789536757389,1527,Ikea - Request 5-2,404,Not Found,Ikea 5-9,text,false,,464473,122,6,28,https://www.ikea.com/orders/,646,0,0
1789536758105,896,Walmart - Request 5,200,OK,Walmart 4-3,text,true,,18062,437,2,27,https://www.walmart.com/blocked?url=L29yZGVycw==&uuid=078adbb1-b190-11f1-9241-856e3f7a1d5c&vid=&g=b,87,0,0
1789536758105,87,Walmart - Request 5-0,301,Moved Permanently,Walmart 4-3,,true,,690,120,2,27,https://walmart.com/orders,87,0,0
1789536758192,644,Walmart - Request 5-1,307,Temporary Redirect,Walmart 4-3,text,true,,1431,124,2,27,https://www.walmart.com/orders,644,0,0
1789536758837,164,Walmart - Request 5-2,200,OK,Walmart 4-3,text,true,,15941,193,2,27,https://www.walmart.com/blocked?url=L29yZGVycw==&uuid=078adbb1-b190-11f1-9241-856e3f7a1d5c&vid=&g=b,164,0,0
1789536757431,1606,Ikea - Request 4,404,Not Found,Ikea 5-8,text,false,,465598,354,5,26,https://www.ikea.com/cart/,42,0,0
1789536757431,43,Ikea - Request 4-0,301,Moved Permanently,Ikea 5-8,text,true,,428,115,5,26,https://ikea.com/cart,42,0,0
1789536757474,21,Ikea - Request 4-1,301,Moved Permanently,Ikea 5-8,,true,,698,119,5,26,https://www.ikea.com/cart,21,0,0
1789536757495,1542,Ikea - Request 4-2,404,Not Found,Ikea 5-8,text,false,,464472,120,5,26,https://www.ikea.com/cart/,697,0,0
1789536757395,1780,Ikea - Request 5,404,Not Found,Ikea 5-7,text,false,,465605,360,5,26,https://www.ikea.com/orders/,6,0,0
1789536757395,6,Ikea - Request 5-0,301,Moved Permanently,Ikea 5-7,text,true,,430,117,5,26,https://ikea.com/orders,6,0,0
1789536757401,76,Ikea - Request 5-1,301,Moved Permanently,Ikea 5-7,,true,,702,121,5,26,https://www.ikea.com/orders,76,0,0
1789536757477,1698,Ikea - Request 5-2,404,Not Found,Ikea 5-7,text,false,,464473,122,5,26,https://www.ikea.com/orders/,742,0,0
1789536758845,674,Walmart - Request 5,200,OK,Walmart 4-7,text,true,,17987,437,1,25,https://www.walmart.com/blocked?url=L29yZGVycw==&uuid=07f9371d-b190-11f1-a3db-a40594af396d&vid=&g=b,131,0,0
1789536758845,131,Walmart - Request 5-0,301,Moved Permanently,Walmart 4-7,,true,,687,120,1,25,https://walmart.com/orders,131,0,0
1789536758976,434,Walmart - Request 5-1,307,Temporary Redirect,Walmart 4-7,text,true,,1360,124,1,25,https://www.walmart.com/orders,433,0,0
1789536759410,109,Walmart - Request 5-2,200,OK,Walmart 4-7,text,true,,15940,193,1,25,https://www.walmart.com/blocked?url=L29yZGVycw==&uuid=07f9371d-b190-11f1-a3db-a40594af396d&vid=&g=b,109,0,0
1789536758271,1486,Ikea - Request 4,404,Not Found,Ikea 5-1,text,false,,465599,354,4,24,https://www.ikea.com/cart/,9,0,0
1789536758271,9,Ikea - Request 4-0,301,Moved Permanently,Ikea 5-1,text,true,,428,115,4,24,https://ikea.com/cart,9,0,0
1789536758280,13,Ikea - Request 4-1,301,Moved Permanently,Ikea 5-1,,true,,698,119,4,24,https://www.ikea.com/cart,13,0,0
1789536758293,1464,Ikea - Request 4-2,404,Not Found,Ikea 5-1,text,false,,464473,120,4,24,https://www.ikea.com/cart/,602,0,0
1789536758355,1850,Ikea - Request 5,404,Not Found,Ikea 5-5,text,false,,465604,360,4,24,https://www.ikea.com/orders/,6,0,0
1789536758355,6,Ikea - Request 5-0,301,Moved Permanently,Ikea 5-5,text,true,,430,117,4,24,https://ikea.com/orders,6,0,0
1789536758361,16,Ikea - Request 5-1,301,Moved Permanently,Ikea 5-5,,true,,702,121,4,24,https://www.ikea.com/orders,16,0,0
1789536758377,1828,Ikea - Request 5-2,404,Not Found,Ikea 5-5,text,false,,464472,122,4,24,https://www.ikea.com/orders/,745,0,0
1789536758829,1671,Ikea - Request 5,404,Not Found,Ikea 5-10,text,false,,465605,360,3,23,https://www.ikea.com/orders/,33,0,0
1789536758829,33,Ikea - Request 5-0,301,Moved Permanently,Ikea 5-10,text,true,,430,117,3,23,https://ikea.com/orders,33,0,0
1789536758862,62,Ikea - Request 5-1,301,Moved Permanently,Ikea 5-10,,true,,702,121,3,23,https://www.ikea.com/orders,62,0,0
1789536758924,1576,Ikea - Request 5-2,404,Not Found,Ikea 5-10,text,false,,464473,122,3,23,https://www.ikea.com/orders/,675,0,0
1789536759037,1543,Ikea - Request 5,404,Not Found,Ikea 5-8,text,false,,465604,360,2,22,https://www.ikea.com/orders/,18,0,0
1789536759037,18,Ikea - Request 5-0,301,Moved Permanently,Ikea 5-8,text,true,,430,117,2,22,https://ikea.com/orders,18,0,0
1789536759055,34,Ikea - Request 5-1,301,Moved Permanently,Ikea 5-8,,true,,702,121,2,22,https://www.ikea.com/orders,34,0,0
1789536759089,1491,Ikea - Request 5-2,404,Not Found,Ikea 5-8,text,false,,464472,122,2,22,https://www.ikea.com/orders/,666,0,0
1789536759757,1600,Ikea - Request 5,404,Not Found,Ikea 5-1,text,false,,465604,360,1,21,https://www.ikea.com/orders/,29,0,0
1789536759757,29,Ikea - Request 5-0,301,Moved Permanently,Ikea 5-1,text,true,,430,117,1,21,https://ikea.com/orders,29,0,0
1789536759786,120,Ikea - Request 5-1,301,Moved Permanently,Ikea 5-1,,true,,702,121,1,21,https://www.ikea.com/orders,120,0,0
1789536759906,1451,Ikea - Request 5-2,404,Not Found,Ikea 5-1,text,false,,464472,122,1,21,https://www.ikea.com/orders/,617,0,0
1789536725198,83727,Myntra - Request 1,Non HTTP response code: java.net.SocketException,Non HTTP response message: Operation timed out,Myntra 1-2,text,false,,4203,117,10,20,https://www.myntra.com/home,955,0,662
1789536725198,955,Myntra - Request 1-0,301,Moved Permanently,Myntra 1-2,,true,,433,117,10,20,https://myntra.com/home,955,0,662
1789536726154,82771,Myntra - Request 1-1,Non HTTP response code: java.net.SocketException,Non HTTP response message: Operation timed out,Myntra 1-2,text,false,,3770,0,10,20,https://www.myntra.com/home,0,0,89
1789536727699,273299,Myntra - Request 1,Non HTTP response code: java.net.SocketException,Non HTTP response message: Operation timed out,Myntra 1-7,text,false,,4203,117,10,20,https://www.myntra.com/home,1295,0,747
1789536727699,1295,Myntra - Request 1-0,301,Moved Permanently,Myntra 1-7,,true,,433,117,10,20,https://myntra.com/home,1295,0,747
1789536728994,272004,Myntra - Request 1-1,Non HTTP response code: java.net.SocketException,Non HTTP response message: Operation timed out,Myntra 1-7,text,false,,3770,0,10,20,https://www.myntra.com/home,0,0,616
